ID,Player_x,From,To,Ht(cm),Wt(kg),Birth Date,Nation,MVP,Finals MVP,All-Star MVP,Most Improved,Sixth Man,Defence Player,Rookie,All 1st,All 2nd,All 3rd,All Tot,All-Star,D Tot,D 1st,D 2nd,Total Awards,Nation,Player_y,Years,Pos,G,GS,MP,FG,FGA,FG%,3P,3PA,3P%,2P,2PA,2P%,eFG%,FT,FTA,FT%,ORB,DRB,TRB,AST,STL,BLK,TOV,PF,PTS,PIR
djordal01,Aleksandar Djordjevic,1997,1997,187.96,198,26-Aug-67,Serbia,0,0,0,0,0,0,0,0,0,0,0,0,0,0,0,0,Serbia,Aleksandar Djordjevic,1,SG,8,0,7.625,1,2,50,0.625,0.875,71.42857143,0.375,1.125,33.33333333,65.625,0.5,0.625,80,0.125,0.5,0.625,0.625,0,0,0.625,0.375,3.125,2.25
abrinal01,Alex Abrines,2017,2019,198.12,200,1-Aug-93,Spain,0,0,0,0,0,0,0,0,0,0,0,0,0,0,0,0,Spain,Alex Abrines,3,SG,185,16,16.038,1.735,4.497,38.58127641,1.243,3.378,36.79692126,0.492,1.119,43.96782842,52.40160107,0.541,0.616,87.82467532,0.292,1.184,1.476,0.508,0.524,0.13,0.395,1.676,5.254,2.984
garcial01,Alex Garcia,2004,2005,190.5,220,4-Mar-80,Brazil,0,0,0,0,0,0,0,0,0,0,0,0,0,0,0,0,Brazil,Alex Garcia,2,SG,10,3,15.9,1.9,5.9,32.20338983,0.5,1.8,27.77777778,1.4,4.1,34.14634146,36.44067797,0.4,0.6,66.66666667,0.7,0.8,1.5,1.8,0.6,0.1,0.9,1.5,4.7,2.1
volkoal01,Alexander Volkov,1990,1992,208.28,218,28-Mar-64,Ukraine,0,0,0,0,0,0,0,0,0,0,0,0,0,0,0,0,Ukraine,Alexander Volkov,2,C,149,31,16.463,2.604,5.725,45.48471616,0.322,0.966,33.33333333,2.282,4.758,47.96132829,48.29694323,1.309,2.134,61.34020619,1.04,1.537,2.577,2.235,0.685,0.349,1.034,2.309,6.839,5.396
shvedal01,Alexey Shved,2013,2015,198.12,190,16-Dec-88,Russia,0,0,0,0,0,0,0,0,0,0,0,0,0,0,0,0,Russia,Alexey Shved,3,SG,182,25,17.973,2.445,6.632,36.86670688,0.89,2.907,30.61575507,1.555,3.725,41.74496644,43.57659831,1.632,2.143,76.15492301,0.467,1.484,1.951,2.527,0.604,0.269,1.335,1.104,7.412,5.626
ajincal01,Alexis Ajinca,2009,2017,218.44,248,6-May-88,France,0,0,0,0,0,0,0,0,0,0,0,0,0,0,0,0,France,Alexis Ajinca,7,C,296,76,13.226,2.193,4.348,50.43698252,0.041,0.142,28.87323944,2.152,4.206,51.16500238,50.90846366,0.848,1.064,79.69924812,1.169,2.72,3.889,0.486,0.348,0.611,0.841,2.24,5.274,5.155
varejan01,Anderson Varejao,2005,2017,208.28,273,28-Sep-82,Brazil,0,0,0,0,0,0,0,0,0,0,0,0,1,0,1,1,Brazil,Anderson Varejao,13,C,715,223,23.418,2.754,5.415,50.85872576,0.001,0.066,1.515151515,2.752,5.35,51.43925234,50.86795937,1.485,2.359,62.95040271,2.326,4.579,6.905,1.098,0.848,0.624,0.917,2.611,6.994,9.404
blatcan01,Andray Blatche,2006,2014,210.82,235,22-Aug-86,Philippines,0,0,0,0,0,0,0,0,0,0,0,0,0,0,0,0,Philippines,Andray Blatche,9,PF,591,191,21.804,4.052,8.67,46.73587082,0.088,0.376,23.40425532,3.964,8.294,47.79358572,47.24336794,1.766,2.437,72.4661469,1.841,3.481,5.321,1.374,0.849,0.794,1.582,2.428,9.959,9
bargnan01,Andrea Bargnani,2007,2016,213.36,245,26-Oct-85,Italy,0,0,0,0,0,0,0,0,0,0,0,0,0,0,0,0,Italy,Andrea Bargnani,10,C,561,385,28.683,5.289,12.052,43.88483239,1.137,3.216,35.35447761,4.152,8.836,46.98958805,48.6018918,2.494,3.027,82.39180707,0.952,3.633,4.585,1.178,0.385,0.848,1.533,2.44,14.209,9.936
glynian01,Andreas Glyniadakis,2007,2007,215.9,280,21-Aug-81,Greece,0,0,0,0,0,0,0,0,0,0,0,0,0,0,0,0,Greece,Andreas Glyniadakis,1,C,13,4,6.231,0.615,1.308,47.01834862,0,0,,0.615,1.308,47.01834862,47.01834862,0.077,0.154,50,0.154,0.462,0.615,0.077,0,0,0.692,1.462,1.308,-0.923
kirilan01,Andrei Kirilenko,2002,2015,205.74,220,18-Feb-81,Russia,0,0,0,0,0,0,0,0,0,0,0,1,3,1,2,4,Russia,Andrei Kirilenko,13,SF,852,582,29.82,3.891,8.236,47.24380767,0.442,1.447,30.54595715,3.448,6.789,50.78803948,49.9271491,3.408,4.515,75.48172757,1.731,3.626,5.357,2.669,1.364,1.817,1.867,2.04,11.633,13.48
guibean01,Andres Guibert,1994,1995,208.28,225,28-Oct-68,Cuba,0,0,0,0,0,0,0,0,0,0,0,0,0,0,0,0,Cuba,Andres Guibert,2,C,22,0,9.091,1,3.045,32.8407225,0,0.182,0,1,2.864,34.91620112,32.8407225,0.727,1.136,63.99647887,1.182,1.591,2.773,0.545,0.364,0.091,0.818,1.591,2.727,1.636
nocioan01,Andres Nocioni,2005,2012,200.66,225,30-Nov-79,Argentina,0,0,0,0,0,0,0,0,0,0,0,0,0,0,0,0,Argentina,Andres Nocioni,8,SF,537,215,23.561,3.793,8.786,43.17095379,1.147,3.078,37.26445744,2.646,5.708,46.35599159,49.69838379,1.907,2.387,79.89107667,0.689,3.844,4.533,1.201,0.415,0.449,1.421,2.721,10.641,7.624
biedran01,Andris Biedrins,2005,2014,210.82,240,2-Apr-86,Latvia,0,0,0,0,0,0,0,0,0,0,0,0,0,0,0,0,Latvia,Andris Biedrins,10,C,530,319,21.566,2.753,4.615,59.65330444,0,0.004,0,2.753,4.611,59.70505313,59.65330444,0.753,1.502,50.13315579,2.285,4.709,6.994,0.892,0.64,1.13,0.923,3.134,6.258,9.247
rigauan01,Antoine Rigaudeau,2003,2003,200.66,210,17-Dec-71,France,0,0,0,0,0,0,0,0,0,0,0,0,0,0,0,0,France,Antoine Rigaudeau,1,SG,11,0,8.273,0.727,3.182,22.84726587,0.091,0.455,20,0.636,2.727,23.32233223,24.27718416,0,0,,0.364,0.364,0.727,0.545,0.273,0,0.545,1,1.545,-0.909
fotsian01,Antonis Fotsis,2002,2002,208.28,219,1-Apr-81,Greece,0,0,0,0,0,0,0,0,0,0,0,0,0,0,0,0,Greece,Antonis Fotsis,1,PF,28,1,11.429,1.5,3.714,40.38772213,0.25,0.821,30.45066991,1.25,2.893,43.20774283,43.75336564,0.607,0.714,85.0140056,0.893,1.321,2.214,0.357,0.321,0.393,0.75,0.786,3.857,3.286
macijar01,Arvydas Macijauskas,2006,2006,193.04,214,19-Jan-80,Lithuania,0,0,0,0,0,0,0,0,0,0,0,0,0,0,0,0,Lithuania,Arvydas Macijauskas,1,SG,19,0,7.105,0.737,2.158,34.15199259,0.158,0.632,25,0.579,1.526,37.9423329,37.81278962,0.684,0.789,86.69201521,0.158,0.368,0.526,0.263,0.368,0,0.421,0.526,2.316,1
sabonar01,Arvydas Sabonis,1996,2003,220.98,279,19-Dec-64,Lithuania,0,0,0,0,0,0,0,0,0,0,0,0,0,0,0,0,Lithuania,Arvydas Sabonis,7,C,521,360,24.649,4.422,8.927,49.53511818,0.29,0.887,32.69447576,4.132,8.04,51.39303483,51.15940406,2.854,3.622,78.79624517,1.547,5.774,7.321,2.036,0.802,1.04,1.764,2.812,11.988,13.34
toupaax01,Axel Toupane,2016,2017,200.66,197,23-Jul-92,France,0,0,0,0,0,0,0,0,0,0,0,0,0,0,0,0,France,Axel Toupane,2,SF,25,0,14.08,1.2,3.16,37.97468354,0.56,1.76,31.81818182,0.64,1.4,45.71428571,46.83544304,0.52,0.68,76.47058824,0.32,0.96,1.28,0.6,0.32,0.28,0.24,1.84,3.48,1.76
udrihbe01,Beno Udrih,2005,2017,190.5,205,5-Jul-82,Slovenia,0,0,0,0,0,0,0,0,0,0,0,0,0,0,0,0,Slovenia,Beno Udrih,13,PG,884,272,21.248,3.201,6.962,45.97816719,0.548,1.592,34.42211055,2.654,5.37,49.42271881,49.91381787,1.181,1.42,83.16901408,0.362,1.636,1.998,3.305,0.671,0.081,1.378,1.507,8.131,7.303
biyombi01,Bismack Biyombo,2012,2019,205.74,255,28-Aug-92,Democratic Republic of the Congo,0,0,0,0,0,0,0,0,0,0,0,0,0,0,0,0,Democratic Republic of the Congo,Bismack Biyombo,8,C,606,253,20.444,1.855,3.569,51.97534323,0,0.003,0,1.855,3.566,52.01906898,51.97534323,1.259,2.203,57.14934181,1.969,4.398,6.366,0.49,0.259,1.373,0.908,2.218,4.969,7.673
marjabo01,Boban Marjanovic,2016,2019,220.98,290,15-Aug-88,Serbia,0,0,0,0,0,0,0,0,0,0,0,0,0,0,0,0,Serbia,Boban Marjanovic,4,C,193,17,9.642,2.197,3.762,58.39978735,0.021,0.052,40.38461538,2.176,3.71,58.65229111,58.67889421,1.642,2.119,77.48938178,1.337,2.534,3.87,0.565,0.228,0.389,0.71,1.192,6.057,7.166
bogdabo01,Bogdan Bogdanovic,2018,2019,198.12,205,18-Aug-92,Croatia,0,0,0,0,0,0,0,0,0,0,0,0,0,0,0,0,Croatia,Bogdan Bogdanovic,2,SG,148,70,27.851,4.764,11.047,43.12483027,1.777,4.736,37.52111486,2.986,6.311,47.31421328,51.16773785,1.581,1.899,83.25434439,0.48,2.669,3.149,3.547,0.973,0.209,1.635,2.122,12.885,10.405
bogdabo02,Bojan Bogdanovic,2015,2019,203.2,216,18-Apr-89,Croatia,0,0,0,0,0,0,0,0,0,0,0,0,0,0,0,0,Croatia,Bojan Bogdanovic,5,SF,425,294,27.758,4.654,10.118,45.99723265,1.711,4.426,38.65793041,2.944,5.692,51.72171469,54.45246096,2.061,2.447,84.22558235,0.471,2.944,3.414,1.388,0.558,0.078,1.395,1.619,13.08,9.654
ndongbo01,Boniface N'Dong,2006,2006,213.36,198,9-Mar-77,Senegal,0,0,0,0,0,0,0,0,0,0,0,0,0,0,0,0,Senegal,Boniface N'Dong,1,C,23,1,6.609,0.957,2.304,41.53645833,0,0.043,0,0.957,2.261,42.32640425,41.53645833,0.261,0.391,66.75191816,0.652,0.957,1.609,0.304,0.087,0.217,0.261,1,2.174,1.652
diawbo01,Boris Diaw,2004,2017,203.2,250,16-Apr-82,France,0,0,0,1,0,0,0,0,0,0,0,0,0,0,0,1,France,Boris Diaw,14,PF,1183,617,26.975,3.595,7.27,49.44979367,0.442,1.315,33.6121673,3.153,5.954,52.95599597,52.48968363,1.02,1.418,71.93229901,1.186,3.171,4.357,3.437,0.609,0.475,1.757,2.139,8.653,9.562
nachbbo01,Bostjan Nachbar,2003,2008,205.74,221,3-Jul-80,Slovenia,0,0,0,0,0,0,0,0,0,0,0,0,0,0,0,0,Slovenia,Bostjan Nachbar,6,SF,335,25,17.764,2.352,5.785,40.65687122,1.027,2.74,37.48175182,1.325,3.045,43.51395731,49.53327571,1.388,1.752,79.22374429,0.394,2.224,2.618,0.904,0.427,0.254,0.896,2.2,7.119,4.43
cabocbr01,Bruno Caboclo,2015,2019,205.74,218,21-Sep-95,Brazil,0,0,0,0,0,0,0,0,0,0,0,0,0,0,0,0,Brazil,Bruno Caboclo,5,SF,69,20,14.681,1.681,4.29,39.18414918,0.812,2.362,34.37764606,0.87,1.928,45.12448133,48.64801865,0.681,0.812,83.86699507,0.812,2,2.812,0.855,0.304,0.58,0.754,1.42,4.855,4.493
sundobr01,Bruno Sundov,1999,2005,218.44,220,10-Feb-80,Croatia,0,0,0,0,0,0,0,0,0,0,0,0,0,0,0,0,Croatia,Bruno Sundov,7,C,103,4,5.107,0.777,2.165,35.8891455,0.049,0.233,21.03004292,0.728,1.932,37.68115942,37.02078522,0.097,0.184,52.7173913,0.311,0.728,1.039,0.175,0.146,0.136,0.291,1.029,1.699,0.398
delfica01,Carlos Delfino,2005,2013,198.12,230,29-Aug-82,Argentina,0,0,0,0,0,0,0,0,0,0,0,0,0,0,0,0,Argentina,Carlos Delfino,8,SF,548,177,22.288,2.818,7.047,39.98864765,1.299,3.571,36.37636516,1.518,3.476,43.67088608,49.2053356,0.94,1.234,76.17504052,0.551,2.923,3.474,1.708,0.874,0.168,0.989,1.609,7.874,6.976
osmande01,Cedi Osman,2018,2019,203.2,215,8-Apr-95,Turkey,0,0,0,0,0,0,0,0,0,0,0,0,0,0,0,0,Turkey,Cedi Osman,2,SF,151,87,21.046,3.02,6.94,43.51585014,1.079,3.099,34.81768312,1.94,3.841,50.50768029,51.28962536,1.113,1.53,72.74509804,0.43,2.775,3.205,1.583,0.563,0.093,0.967,1.841,8.232,6.53
trybace01,Cezary Trybanski,2003,2004,218.44,240,22-Sep-79,Poland,0,0,0,0,0,0,0,0,0,0,0,0,0,0,0,0,Poland,Cezary Trybanski,2,C,22,0,4.591,0.227,1.091,20.80659945,0,0,,0.227,1.091,20.80659945,20.80659945,0.227,0.545,41.65137615,0.273,0.409,0.682,0.045,0.045,0.318,0.455,0.727,0.682,-0.591
sambch01,Cheikh Samb,2008,2009,215.9,245,22-Oct-84,Senegal,0,0,0,0,0,0,0,0,0,0,0,0,0,0,0,0,Senegal,Cheikh Samb,2,C,22,0,5.182,0.409,1.636,25,0,0.136,0,0.409,1.5,27.26666667,25,0.182,0.409,44.49877751,0.591,0.818,1.409,0.045,0.182,0.545,0.182,0.682,1,0.864
anstech01,Chris Anstey,1998,2000,213.36,249,1-Jan-75,Australia,0,0,0,0,0,0,0,0,0,0,0,0,0,0,0,0,Australia,Chris Anstey,3,C,155,23,13.916,1.955,4.735,41.28827878,0.026,0.187,13.90374332,1.929,4.548,42.41424802,41.56282999,1.31,1.735,75.50432277,1.148,2.297,3.445,0.819,0.503,0.419,0.948,2.406,5.245,3.871
eyengch01,Christian Eyenga,2011,2012,195.58,210,22-Jun-89,Democratic Republic of the Congo,0,0,0,0,0,0,0,0,0,0,0,0,0,0,0,0,Democratic Republic of the Congo,Christian Eyenga,2,SF,54,18,19.593,2.556,6.185,41.3257882,0.481,1.741,27.62780011,2.074,4.444,46.66966697,45.21422797,0.407,0.685,59.41605839,0.593,1.981,2.574,0.759,0.704,0.63,0.944,1.63,6,4.185
capelca01,Clint Capela,2015,2019,208.28,240,18-May-94,Switzerland,0,0,0,0,0,0,0,0,0,0,0,0,0,0,0,0,Switzerland,Clint Capela,5,C,345,263,24.264,4.89,7.719,63.35017489,0,0.009,0,4.89,7.71,63.42412451,63.35017489,1.609,3.064,52.51305483,2.983,5.89,8.872,0.919,0.649,1.432,1.096,2.394,11.388,15.487
feliccr01,Cristiano Felicio,2016,2019,208.28,265,7-Jul-92,Brazil,0,0,0,0,0,0,0,0,0,0,0,0,0,0,0,0,Brazil,Cristiano Felicio,4,C,218,20,14.523,1.83,3.22,56.83229814,0,0.046,0,1.83,3.174,57.65595463,56.83229814,0.872,1.303,66.92248657,1.482,2.601,4.083,0.734,0.28,0.229,0.642,1.514,4.532,5.881
bertada02,Dairis Bertans,2019,2019,193.04,200,9-Sep-89,Latvia,0,0,0,0,0,0,0,0,0,0,0,0,0,0,0,0,Latvia,Dairis Bertans,1,SG,12,0,13.917,1,3.917,25.52974215,0.833,2.833,29.40345923,0.167,1.083,15.42012927,36.16287975,0,0,,0.167,0.583,0.75,0.833,0.083,0,0.167,0.583,2.833,0.833
bagarda01,Dalibor Bagaric,2001,2003,215.9,255,7-Feb-80,Croatia,0,0,0,0,0,0,0,0,0,0,0,0,0,0,0,0,Croatia,Dalibor Bagaric,3,C,95,0,10.242,1.021,2.832,36.05225989,0,0.021,0,1.021,2.811,36.32159374,36.05225989,0.6,1.074,55.86592179,0.884,1.621,2.505,0.389,0.305,0.453,0.758,1.716,2.642,1.537
inglida01,Damien Inglis,2016,2016,203.2,246,20-May-95,France,0,0,0,0,0,0,0,0,0,0,0,0,0,0,0,0,France,Damien Inglis,1,SF,20,1,7.8,0.65,1.85,35.13513514,0.15,0.65,23.07692308,0.5,1.2,41.66666667,39.18918919,0.35,0.4,87.5,0.1,1.45,1.55,0.5,0.3,0.15,0.55,0.55,1.8,1.95
markoda01,Damir Markota,2007,2007,208.28,225,26-Dec-85,Croatia,0,0,0,0,0,0,0,0,0,0,0,0,0,0,0,0,Croatia,Damir Markota,1,PF,30,0,5.667,0.633,1.733,36.52625505,0.2,0.533,37.52345216,0.433,1.2,36.08333333,42.2965955,0.233,0.367,63.48773842,0.367,0.667,1.033,0.2,0.1,0.033,0.5,0.733,1.7,0.6
rudezda01,Damjan Rudez,2015,2017,208.28,228,17-Jun-86,Croatia,0,0,0,0,0,0,0,0,0,0,0,0,0,0,0,0,Croatia,Damjan Rudez,3,SF,146,2,11.219,1.199,2.829,42.3824673,0.726,1.945,37.32647815,0.473,0.884,53.50678733,55.21385649,0.164,0.212,77.35849057,0.123,0.507,0.63,0.575,0.212,0.048,0.473,0.979,3.288,1.623
theisda01,Daniel Theis,2018,2019,203.2,243,4-Apr-92,Germany,0,0,0,0,0,0,0,0,0,0,0,0,0,0,0,0,Germany,Daniel Theis,2,C,129,5,14.295,2.109,3.868,54.52430196,0.341,0.969,35.19091847,1.767,2.899,60.95205243,58.93226474,0.907,1.217,74.52752671,1.372,2.496,3.868,0.961,0.395,0.698,0.69,2.465,5.465,6.163
gallida01,Danilo Gallinari,2009,2019,208.28,225,8-Aug-88,Italy,0,0,0,0,0,0,0,0,0,0,0,0,0,0,0,0,Italy,Danilo Gallinari,10,SF,561,491,31.055,4.784,11.275,42.43015521,1.861,4.961,37.51259827,2.923,6.314,46.29394995,50.68292683,4.389,5.045,86.99702676,0.758,4.094,4.852,2.041,0.793,0.426,1.326,1.897,15.818,13.561
exumda01,Dante Exum,2015,2019,198.12,190,13-Jul-95,Australia,0,0,0,0,0,0,0,0,0,0,0,0,0,0,0,0,Australia,Dante Exum,4,PG,221,68,18.742,2.145,5.317,40.34229829,0.706,2.317,30.47043591,1.439,3,47.96666667,46.98138048,0.842,1.086,77.53222836,0.376,1.33,1.706,2.176,0.407,0.158,1.303,1.842,5.837,3.724
milicda01,Darko Milicic,2004,2013,213.36,250,20-Jun-85,Serbia,0,0,0,0,0,0,0,0,0,0,0,0,0,0,0,0,Serbia,Darko Milicic,10,C,489,208,17.971,2.491,5.413,46.01884352,0,0.012,0,2.491,5.401,46.12108869,46.01884352,0.883,1.546,57.11513583,1.309,2.773,4.082,0.84,0.425,1.264,1.184,2.204,5.865,5.503
anderda03,David Andersen,2010,2011,210.82,245,23-Jun-80,Australia,0,0,0,0,0,0,0,0,0,0,0,0,0,0,0,0,Australia,David Andersen,2,C,103,0,12.272,1.971,4.476,44.03485255,0.34,0.981,34.65851172,1.631,3.495,46.66666667,47.83288651,0.583,0.864,67.47685185,0.718,2.117,2.835,0.553,0.194,0.204,0.573,1.544,4.864,3.748
bertada01,Davis Bertans,2017,2019,208.28,225,12-Nov-92,Latvia,0,0,0,0,0,0,0,0,0,0,0,0,0,0,0,0,Latvia,Davis Bertans,3,PF,238,28,15.63,2.029,4.613,43.98439194,1.34,3.357,39.9165922,0.689,1.256,54.8566879,58.50856276,0.559,0.672,83.18452381,0.29,2.004,2.294,0.962,0.361,0.391,0.496,1.336,5.958,5.437
diopde01,DeSagana Diop,2002,2013,213.36,300,30-Jan-82,Senegal,0,0,0,0,0,0,0,0,0,0,0,0,0,0,0,0,Senegal,DeSagana Diop,12,C,629,114,14.229,0.852,1.957,43.53602453,0.002,0.01,20,0.851,1.948,43.68583162,43.58712315,0.305,0.645,47.28682171,1.415,2.351,3.766,0.436,0.388,1.062,0.588,2.1,2.011,3.529
schrode01,Dennis Schroder,2014,2019,185.42,172,15-Sep-93,Germany,0,0,0,0,0,0,0,0,0,0,0,0,0,0,0,0,Germany,Dennis Schroder,6,PG,465,181,24.417,5.043,11.74,42.95570698,1.026,3.138,32.6959847,4.017,8.602,46.69844222,47.3253833,2.185,2.643,82.67120696,0.426,2.224,2.649,4.606,0.787,0.103,2.29,1.884,13.297,10.114
radjadi01,Dino Radja,1994,1997,210.82,225,24-Apr-67,Croatia,0,0,0,0,0,0,0,0,0,0,0,0,0,0,0,0,Croatia,Dino Radja,4,PF,228,175,32.724,6.737,13.605,49.51855935,0,0.013,0,6.737,13.592,49.56592113,49.51855935,3.162,4.307,73.41537033,2.197,6.184,8.382,1.601,0.899,1.259,2.211,3.351,16.636,15.202
nowitdi01,Dirk Nowitzki,1999,2019,213.36,245,19-Jun-78,Germany,1,1,0,0,0,0,0,4,5,3,12,14,0,0,0,28,Germany,Dirk Nowitzki,21,PF,1667,1605,34.351,7.432,15.822,46.97256984,1.278,3.37,37.92284866,6.154,12.452,49.42177963,51.01125016,4.987,5.665,88.03177405,1.008,6.752,7.759,2.406,0.815,0.846,1.693,2.404,21.13,19.791
motiedo01,Donatas Motiejunas,2013,2019,213.36,222,20-Sep-90,Lithuania,0,0,0,0,0,0,0,0,0,0,0,0,0,0,0,0,Lithuania,Donatas Motiejunas,6,PF,257,105,18.167,2.914,6.214,46.89411007,0.486,1.607,30.24268824,2.428,4.607,52.70240938,50.8046347,1.004,1.693,59.3030124,1.202,2.607,3.809,1.066,0.475,0.327,1.163,2.136,7.319,5.708
bendedr01,Dragan Bender,2017,2019,215.9,225,17-Nov-97,Croatia,0,0,0,0,0,0,0,0,0,0,0,0,0,0,0,0,Croatia,Dragan Bender,3,PF,171,64,20.287,1.942,4.924,39.4394801,0.982,3.064,32.04960836,0.959,1.86,51.55913978,49.41104793,0.439,0.678,64.74926254,0.567,3.216,3.784,1.222,0.292,0.567,1.058,1.93,5.304,4.959
tarladr01,Dragan Tarlac,2001,2001,208.28,260,9-May-73,Serbia,0,0,0,0,0,0,0,0,0,0,0,0,0,0,0,0,Serbia,Dragan Tarlac,1,C,43,12,13.907,0.907,2.302,39.40052129,0,0,,0.907,2.302,39.40052129,39.40052129,0.581,0.767,75.74967405,0.86,1.977,2.837,0.721,0.163,0.442,0.884,2.209,2.395,1.884
petrodr01,Drazen Petrovic,1990,1993,195.58,195,22-Oct-64,Croatia,0,0,0,0,0,0,0,0,0,1,1,0,0,0,0,1,Croatia,Drazen Petrovic,4,SG,319,158,25.95,5.718,11.348,50.38773352,0.834,1.934,43.12306101,4.884,9.414,51.88017846,54.06238985,2.646,3.182,83.15524827,0.803,1.455,2.257,2.329,0.868,0.088,2.025,2.567,14.915,9.699
musadz01,Dzanan Musa,2019,2019,205.74,208,8-May-99,Bosnia and Herzegovina,0,0,0,0,0,0,0,0,0,0,0,0,0,0,0,0,Bosnia and Herzegovina,Dzanan Musa,1,SG,9,0,4.333,1,2.444,40.91653028,0.111,1.111,9.9909991,0.889,1.333,66.69167292,43.18739771,0,0.222,0,0.111,0.444,0.556,0.222,0.222,0,0.444,0.111,2.111,0.889
rentzef01,Efthimi Rentzias,2003,2003,210.82,250,11-Jan-76,Greece,0,0,0,0,0,0,0,0,0,0,0,0,0,0,0,0,Greece,Efthimi Rentzias,1,C,35,0,4.114,0.571,1.686,33.86714116,0.114,0.229,49.78165939,0.457,1.457,31.36582018,37.24792408,0.229,0.257,89.10505837,0.286,0.457,0.743,0.2,0.171,0.057,0.114,0.6,1.486,0.8
okoboel01,Elie Okobo,2019,2019,190.5,190,23-Oct-97,France,0,0,0,0,0,0,0,0,0,0,0,0,0,0,0,0,France,Elie Okobo,1,PG,53,16,18.075,2.151,5.472,39.30921053,0.736,2.491,29.54636692,1.415,2.981,47.46729285,46.03435673,0.698,0.887,78.69222097,0.226,1.623,1.849,2.396,0.604,0.132,1.302,2.057,5.736,3.849
mudiaem01,Emmanuel Mudiay,2016,2019,195.58,200,5-Mar-96,Democratic Republic of the Congo,0,0,0,0,0,0,0,0,0,0,0,0,0,0,0,0,Democratic Republic of the Congo,Emmanuel Mudiay,4,PG,246,163,25.715,4.354,11.065,39.34929959,1,3.122,32.03074952,3.354,7.943,42.22585925,43.86805242,2.085,2.809,74.2257031,0.488,2.593,3.081,4.159,0.772,0.317,2.411,1.703,11.793,8.573
kanteen01,Enes Kanter,2012,2019,210.82,250,20-May-92,Turkey,0,0,0,0,0,0,0,0,0,0,0,0,0,0,0,0,Turkey,Enes Kanter,8,C,610,216,21.902,4.785,8.866,53.97022333,0.072,0.257,28.0155642,4.713,8.608,54.75139405,54.37626889,2.085,2.667,78.17772778,2.907,4.589,7.495,0.815,0.395,0.457,1.549,2.215,11.728,12.464
ilyaser01,Ersan Ilyasova,2007,2019,208.28,235,15-May-87,Turkey,0,0,0,0,0,0,0,0,0,0,0,0,0,0,0,0,Turkey,Ersan Ilyasova,11,PF,778,426,23.859,3.938,8.925,44.1232493,1.078,2.974,36.24747814,2.86,5.951,48.05914972,50.16246499,1.544,2.003,77.08437344,1.806,4.032,5.838,1.135,0.706,0.362,1.009,2.486,10.499,9.599
batises01,Esteban Batista,2006,2007,208.28,270,2-Sep-83,Uruguay,0,0,0,0,0,0,0,0,0,0,0,0,0,0,0,0,Uruguay,Esteban Batista,2,PF,70,3,8.229,0.6,1.371,43.76367615,0,0.014,0,0.6,1.357,44.21518055,43.76367615,0.529,0.857,61.72695449,0.971,1.514,2.486,0.157,0.257,0.157,0.6,1.771,1.729,1.314
fournev01,Evan Fournier,2013,2019,200.66,205,29-Oct-92,France,0,0,0,0,0,0,0,0,0,0,0,0,0,0,0,0,France,Evan Fournier,7,SG,461,319,27.842,4.848,10.885,44.53835554,1.649,4.466,36.92342141,3.2,6.419,49.85200187,52.11299954,2.052,2.549,80.50215771,0.447,2.291,2.738,2.505,0.813,0.095,1.612,2.436,13.397,8.967
obertfa01,Fabricio Oberto,2006,2011,208.28,245,21-Mar-75,Argentina,0,0,0,0,0,0,0,0,0,0,0,0,0,0,0,0,Argentina,Fabricio Oberto,6,C,382,149,14.851,1.482,2.555,58.00391389,0,0.013,0,1.482,2.542,58.30055075,58.00391389,0.374,0.607,61.61449753,1.319,2.225,3.545,0.877,0.272,0.228,0.662,2.209,3.338,4.081
martife01,Fernando Martin,1987,1987,205.74,220,25-Mar-62,Spain,0,0,0,0,0,0,0,0,0,0,0,0,0,0,0,0,Spain,Fernando Martin,1,C,25,0,5.88,0.36,1.28,28.125,0,0.04,0,0.36,1.24,29.03225806,28.125,0.16,0.44,36.36363636,0.32,0.8,1.12,0.36,0.28,0.04,0.8,0.96,0.88,-0.28
ntilila01,Frank Ntilikina,2018,2019,198.12,200,28-Jul-98,France,0,0,0,0,0,0,0,0,0,0,0,0,0,0,0,0,France,Frank Ntilikina,2,PG,121,25,21.57,2.289,6.463,35.41698901,0.686,2.248,30.51601423,1.603,4.215,38.03084223,40.72412192,0.595,0.81,73.45679012,0.405,1.777,2.182,3.066,0.785,0.264,1.545,2.355,5.86,3.868
aldemfu01,Furkan Aldemir,2015,2015,208.28,240,9-Aug-91,Turkey,0,0,0,0,0,0,0,0,0,0,0,0,0,0,0,0,Turkey,Furkan Aldemir,1,PF,41,9,13.171,0.976,1.902,51.31440589,0,0.122,0,0.976,1.78,54.83146067,51.31440589,0.317,0.659,48.10318665,1.902,2.39,4.293,0.683,0.415,0.39,0.415,2.341,2.268,4.024
korkmfu01,Furkan Korkmaz,2018,2019,200.66,190,24-Jul-97,Turkey,0,0,0,0,0,0,0,0,0,0,0,0,0,0,0,0,Turkey,Furkan Korkmaz,2,SG,63,7,12.079,1.698,4.349,39.04345827,0.841,2.571,32.71100739,0.857,1.778,48.20022497,48.71234767,0.603,0.762,79.13385827,0.286,1.587,1.873,0.889,0.492,0.048,0.429,1.19,4.841,3.714
gloucge01,Georgi Glouchkov,1986,1986,203.2,235,10-Jan-60,Bulgaria,0,0,0,0,0,0,0,0,0,0,0,0,0,0,0,0,Bulgaria,Georgi Glouchkov,1,PF,49,16,15.755,1.714,4.265,40.18757327,0.02,0.02,100,1.694,4.245,39.9057715,40.42203986,1.429,2.49,57.38955823,0.633,2.694,3.327,0.653,0.531,0.51,1.551,2.531,4.878,2.204
papagge01,Georgios Papagiannis,2017,2018,215.9,240,3-Jul-97,Greece,0,0,0,0,0,0,0,0,0,0,0,0,0,0,0,0,Greece,Georgios Papagiannis,2,C,39,0,12.231,1.897,3.692,51.38136511,0,0.051,0,1.897,3.641,52.10107113,51.38136511,0.308,0.359,85.79387187,0.949,2.205,3.154,0.744,0.179,0.59,0.821,1.436,4.103,4.667
muresgh01,Gheorghe Muresan,1994,2000,231.14,303,14-Feb-71,Romania,0,0,0,1,0,0,0,0,0,0,0,0,0,0,0,1,Romania,Gheorghe Muresan,6,C,310,210,21.932,4.094,7.145,57.29881036,0,0.003,0,4.094,7.142,57.32287875,57.29881036,1.603,2.481,64.61104393,2.129,4.242,6.371,0.484,0.552,1.481,1.474,3.11,9.79,10.165
antetgi01,Giannis Antetokounmpo,2014,2019,210.82,242,6-Dec-94,Greece,0,0,0,2,0,0,0,1,2,0,3,3,2,1,1,10,Greece,Giannis Antetokounmpo,6,SF,484,419,32.942,6.907,13.271,52.04581418,0.471,1.692,27.83687943,6.436,11.579,55.58338371,53.82036018,4.605,6.242,73.77443127,1.607,6.678,8.285,4.143,1.209,1.345,2.636,3.019,18.89,20.217
dragigo01,Goran Dragic,2009,2019,190.5,190,6-May-86,Slovenia,0,0,0,1,0,0,0,0,0,1,1,1,0,0,0,3,Slovenia,Goran Dragic,11,PG,793,527,27.87,5.066,10.902,46.46853788,1.14,3.15,36.19047619,3.926,7.752,50.64499484,51.69693634,2.433,3.194,76.17407639,0.736,2.323,3.059,4.743,0.991,0.183,2.228,2.334,13.704,11.52
giricgo01,Gordan Giricek,2003,2008,198.12,210,20-Jun-77,Croatia,0,0,0,0,0,0,0,0,0,0,0,0,0,0,0,0,Croatia,Gordan Giricek,6,SG,413,201,22.843,3.617,8.208,44.06676413,0.748,2.012,37.17693837,2.869,6.196,46.30406714,48.62329435,1.356,1.644,82.48175182,0.424,1.993,2.416,1.477,0.554,0.121,1.344,1.976,9.339,5.709
yabusgu01,Guerschon Yabusele,2018,2019,203.2,260,17-Dec-95,France,0,0,0,0,0,0,0,0,0,0,0,0,0,0,0,0,France,Guerschon Yabusele,2,PF,86,5,6.209,0.721,1.709,42.18841428,0.244,0.826,29.53995157,0.477,0.884,53.95927602,49.32709187,0.372,0.57,65.26315789,0.5,0.849,1.349,0.395,0.163,0.14,0.314,0.744,2.058,1.86
vetragu01,Gundars Vetra,1993,1993,198.12,195,22-May-67,Latvia,0,0,0,0,0,0,0,0,0,0,0,0,0,0,0,0,Latvia,Gundars Vetra,1,SF,13,0,6.846,1.462,3.077,47.51381215,0.231,0.231,100,1.231,2.846,43.25368939,51.26746831,0.308,0.462,66.66666667,0.308,0.308,0.615,0.462,0.154,0,0.154,0.923,3.462,1.846
ayongu01,Gustavo Ayon,2012,2014,208.28,250,1-Apr-85,Mexico,0,0,0,0,0,0,0,0,0,0,0,0,0,0,0,0,Mexico,Gustavo Ayon,3,C,138,41,16.362,2.072,3.87,53.54005168,0,0.007,0,2.072,3.862,53.65095805,53.54005168,0.486,0.964,50.41493776,1.362,2.906,4.268,1.254,0.725,0.529,0.884,1.971,4.63,6.275
seungha01,Ha Seung-Jin,2005,2006,220.98,305,4-Aug-85,South Korea,0,0,0,0,0,0,0,0,0,0,0,0,0,0,0,0,South Korea,Ha Seung-Jin,2,C,46,4,6.87,0.609,1.174,51.87393526,0,0,,0.609,1.174,51.87393526,51.87393526,0.304,0.609,49.91789819,0.435,1.022,1.457,0.065,0.087,0.283,0.565,1.348,1.522,0.63
haddaha01,Hamed Haddadi,2009,2013,218.44,254,19-May-85,Iran,0,0,0,0,0,0,0,0,0,0,0,0,0,0,0,0,Iran,Hamed Haddadi,5,C,164,0,6.756,0.823,1.787,46.05484051,0,0.037,0,0.823,1.75,47.02857143,46.05484051,0.518,0.811,63.87176326,0.884,1.488,2.372,0.268,0.067,0.604,0.579,1.348,2.165,2.293
turkohe01,Hedo Turkoglu,2001,2015,208.28,220,19-Mar-79,Turkey,0,0,0,1,0,0,0,0,0,0,0,0,0,0,0,1,Turkey,Hedo Turkoglu,15,SF,1106,643,26.835,3.824,9.017,42.40878341,1.218,3.203,38.02684983,2.606,5.815,44.81513328,49.16269269,2.058,2.635,78.10246679,0.644,3.323,3.967,2.82,0.751,0.299,1.59,2.429,10.923,8.971
mahinia01,Ian Mahinmi,2008,2019,210.82,262,5-Nov-86,France,0,0,0,0,0,0,0,0,0,0,0,0,0,0,0,0,France,Ian Mahinmi,11,C,647,105,15.989,1.815,3.385,53.61890694,0.005,0.037,13.51351351,1.81,3.348,54.06212664,53.69276219,1.223,1.998,61.21121121,1.44,2.668,4.108,0.505,0.533,0.694,0.926,2.583,4.856,4.842
rakocig01,Igor Rakocevic,2003,2003,190.5,183,29-Mar-78,Serbia,0,0,0,0,0,0,0,0,0,0,0,0,0,0,0,0,Serbia,Igor Rakocevic,1,PG,42,0,5.81,0.524,1.381,37.94351919,0.119,0.286,41.60839161,0.405,1.095,36.98630137,42.25199131,0.69,0.857,80.5134189,0.095,0.31,0.405,0.786,0.095,0,0.548,0.595,1.857,0.976
bongais01,Isaac Bonga,2019,2019,203.2,180,8-Nov-99,Germany,0,0,0,0,0,0,0,0,0,0,0,0,0,0,0,0,Germany,Isaac Bonga,1,PG,22,0,5.455,0.227,1.5,15.13333333,0,0.364,0,0.227,1.136,19.98239437,15.13333333,0.409,0.682,59.97067449,0.409,0.727,1.136,0.682,0.409,0.182,0.273,0.409,0.864,1.045
harteis01,Isaiah Hartenstein,2019,2019,213.36,249,5-May-98,Germany,0,0,0,0,0,0,0,0,0,0,0,0,0,0,0,0,Germany,Isaiah Hartenstein,1,PF,28,0,7.893,0.714,1.464,48.7704918,0.071,0.214,33.17757009,0.643,1.25,51.44,51.19535519,0.393,0.5,78.6,0.75,0.929,1.679,0.536,0.25,0.429,0.464,2,1.893,1.464
zubaciv01,Ivica Zubac,2017,2019,215.9,240,18-Mar-97,Croatia,0,0,0,0,0,0,0,0,0,0,0,0,0,0,0,0,Croatia,Ivica Zubac,3,C,140,48,14.707,2.85,5.279,53.98749763,0,0.029,0,2.85,5.25,54.28571429,53.98749763,1.229,1.614,76.14622057,1.436,3.164,4.6,0.843,0.257,0.707,0.9,1.786,6.929,7.836
tsakaja01,Jake Tsakalidis,2001,2007,218.44,285,10-Jun-79,Greece,0,0,0,0,0,0,0,0,0,0,0,0,0,0,0,0,Greece,Jake Tsakalidis,7,C,325,175,15.831,1.822,3.723,48.93902767,0,0.003,0,1.822,3.72,48.97849462,48.93902767,1.052,1.597,65.87351284,1.388,2.554,3.942,0.317,0.228,0.711,0.858,2.194,4.695,4.394
veselja01,Jan Vesely,2012,2014,210.82,240,24-Apr-90,Czech Republic,0,0,0,0,0,0,0,0,0,0,0,0,0,0,0,0,Czech Republic,Jan Vesely,3,PF,162,25,15.154,1.623,3.117,52.0692974,0,0.012,0,1.623,3.105,52.2705314,52.0692974,0.395,0.969,40.76367389,1.389,2.08,3.469,0.593,0.66,0.519,0.759,2.37,3.642,3.685
welscji01,Jiri Welsch,2003,2006,200.66,208,27-Jan-80,Czech Republic,0,0,0,0,0,0,0,0,0,0,0,0,0,0,0,0,Czech Republic,Jiri Welsch,4,SF,255,106,18.49,2.075,5.125,40.48780488,0.467,1.365,34.21245421,1.608,3.761,42.75458655,45.04390244,1.494,1.976,75.60728745,0.471,1.949,2.42,1.514,0.745,0.059,1.059,1.576,6.11,4.678
viannjo01,Joao Vianna,1992,1992,205.74,215,15-Nov-66,Brazil,0,0,0,0,0,0,0,0,0,0,0,0,0,0,0,0,Brazil,Joao Vianna,1,SF,1,0,9,1,2,50,0,0,,1,2,50,50,0,0,,0,0,0,2,0,0,1,3,2,-1
inglejo01,Joe Ingles,2015,2019,203.2,226,2-Oct-87,Australia,0,0,0,0,0,0,0,0,0,0,0,0,0,0,0,0,Australia,Joe Ingles,5,SF,428,245,25.112,2.923,6.54,44.6941896,1.68,4.103,40.94564952,1.243,2.437,51.00533443,57.5382263,0.614,0.836,73.44497608,0.304,2.85,3.154,3.357,1.026,0.161,1.551,1.869,8.14,8.579
freeljo01,Joel Freeland,2013,2015,208.28,250,7-Feb-87,Great Britain England,0,0,0,0,0,0,0,0,0,0,0,0,0,0,0,0,Great Britain England,Joel Freeland,3,C,162,9,11.432,1.29,2.827,45.63141139,0,0.012,0,1.29,2.815,45.8259325,45.63141139,0.37,0.512,72.265625,1.198,2.056,3.253,0.407,0.21,0.352,0.481,1.617,2.951,3.395
lauvejo01,Joffrey Lauvergne,2015,2018,210.82,220,30-Sep-91,France,0,0,0,0,0,0,0,0,0,0,0,0,0,0,0,0,France,Joffrey Lauvergne,4,C,212,18,13.467,2.274,4.75,47.87368421,0.231,0.821,28.136419,2.042,3.929,51.97251209,50.30526316,0.764,1.052,72.62357414,1.151,2.618,3.769,0.873,0.259,0.16,0.788,1.354,5.542,5.698
petrojo01,Johan Petro,2006,2013,213.36,247,27-Jan-86,France,0,0,0,0,0,0,0,0,0,0,0,0,0,0,0,0,France,Johan Petro,8,C,495,144,15.018,2.016,4.366,46.17498855,0.004,0.026,15.38461538,2.012,4.339,46.37013137,46.22079707,0.515,0.764,67.40837696,1.099,2.689,3.788,0.471,0.394,0.489,0.77,2.41,4.552,3.915
jerebjo01,Jonas Jerebko,2010,2019,208.28,231,2-Mar-87,Sweden,0,0,0,0,0,0,0,0,0,0,0,0,0,0,0,0,Sweden,Jonas Jerebko,9,PF,667,123,17.631,2.271,4.969,45.70336084,0.619,1.721,35.96746078,1.652,3.247,50.87773329,51.93197827,0.906,1.172,77.30375427,1.177,2.754,3.931,0.826,0.499,0.241,0.679,1.906,6.067,6.016
valanjo01,Jonas Valanciunas,2013,2019,213.36,265,6-May-92,Lithuania,0,0,0,0,0,0,0,0,0,0,0,0,0,0,0,0,Lithuania,Jonas Valanciunas,7,C,532,497,25.184,4.776,8.556,55.82047686,0.088,0.248,35.48387097,4.688,8.308,56.42753972,56.33473586,2.477,3.164,78.28697851,2.586,6.004,8.59,0.789,0.38,1.038,1.519,2.774,12.118,14.156
garbajo01,Jorge Garbajosa,2007,2008,205.74,245,19-Dec-77,Spain,0,0,0,0,0,0,0,0,0,0,0,0,0,0,0,0,Spain,Jorge Garbajosa,2,PF,74,60,26.797,3.108,7.486,41.51749933,0.973,2.824,34.45467422,2.135,4.662,45.7957958,48.01629709,0.77,1.054,73.05502846,0.676,3.986,4.662,1.73,1.095,0.203,0.878,1.243,7.959,8.865
caldejo01,Jose Calderon,2006,2019,190.5,200,28-Sep-81,Spain,0,0,0,0,0,0,0,0,0,0,0,0,0,0,0,0,Spain,Jose Calderon,14,PG,932,602,26.05,3.374,7.16,47.12290503,1.021,2.517,40.56416369,2.353,4.643,50.67844066,54.2527933,1.006,1.152,87.32638889,0.338,2.027,2.365,5.652,0.783,0.077,1.476,1.656,8.777,10.591
navarju01,Juan Carlos Navarro,2008,2008,190.5,170,13-Jun-80,Spain,0,0,0,0,0,0,0,0,0,0,0,0,0,0,0,0,Spain,Juan Carlos Navarro,1,SG,82,30,25.817,3.756,9.341,40.20982764,1.902,5.268,36.1047836,1.854,4.073,45.51927326,50.39075045,1.512,1.78,84.94382022,0.415,2.146,2.561,2.159,0.585,0.012,1.634,1.146,10.927,7.61
hernaju01,Juan Hernangomez,2017,2019,205.74,230,28-Sep-95,Spain,0,0,0,0,0,0,0,0,0,0,0,0,0,0,0,0,Spain,Juan Hernangomez,3,PF,157,37,15.777,1.707,3.904,43.72438525,0.803,2.191,36.64993154,0.904,1.713,52.77291302,54.00870902,0.847,1.108,76.44404332,0.796,2.427,3.223,0.611,0.401,0.248,0.49,1.153,5.064,5.446
nurkiju01,Jusuf Nurkic,2015,2019,213.36,275,23-Aug-94,Bosnia and Herzegovina,0,0,0,0,0,0,0,0,0,0,0,0,0,0,0,0,Bosnia and Herzegovina,Jusuf Nurkic,5,C,315,234,22.902,4.644,9.454,49.12206473,0.01,0.137,7.299270073,4.635,9.317,49.74777289,49.1749524,2.311,3.46,66.79190751,2.502,5.508,8.01,1.895,0.848,1.289,2.035,3.083,11.61,12.575
serapke01,Kevin Seraphin,2011,2017,205.74,285,7-Dec-89,France,0,0,0,0,0,0,0,0,0,0,0,0,0,0,0,0,France,Kevin Seraphin,7,C,437,34,15.027,2.657,5.442,48.82396178,0,0.016,0,2.657,5.426,48.96793218,48.82396178,0.586,0.824,71.11650485,1.176,2.249,3.426,0.577,0.206,0.703,1.048,2.114,5.899,4.625
davidko01,Kornel David,1999,2001,205.74,235,22-Oct-71,Hungary,0,0,0,0,0,0,0,0,0,0,0,0,0,0,0,0,Hungary,Kornel David,3,SF,109,11,14.541,1.844,4.138,44.56259062,0,0.037,0,1.844,4.101,44.96464277,44.56259062,1.349,1.651,81.70805572,1.018,1.789,2.807,0.587,0.422,0.22,0.844,1.578,5.037,4.055
perovko01,Kosta Perovic,2008,2008,218.44,240,19-Feb-85,Serbia,0,0,0,0,0,0,0,0,0,0,0,0,0,0,0,0,Serbia,Kosta Perovic,1,C,7,0,5.429,0.429,1.429,30.0209937,0,0,,0.429,1.429,30.0209937,30.0209937,0.571,0.857,66.6277713,0.857,1,1.857,0.143,0,0.286,0.143,0.857,1.429,1.429
papanko01,Kostas Papanikolaou,2015,2016,203.2,225,31-Jul-90,Greece,0,0,0,0,0,0,0,0,0,0,0,0,0,0,0,0,Greece,Kostas Papanikolaou,2,SF,77,7,14.416,1.221,3.468,35.20761246,0.532,1.831,29.05516111,0.688,1.636,42.05378973,42.87773933,0.299,0.442,67.64705882,0.61,1.468,2.078,1.312,0.545,0.234,1.052,1.286,3.273,2.714
porzikr01,Kristaps Porzingis,2016,2018,220.98,240,2-Aug-95,Latvia,0,0,0,0,0,0,0,0,0,0,0,1,0,0,0,1,Latvia,Kristaps Porzingis,3,PF,186,185,30.989,6.484,14.839,43.69566682,1.522,4.22,36.06635071,4.962,10.618,46.73196459,48.82404475,3.317,4.124,80.43161979,1.64,5.441,7.081,1.333,0.731,2.032,1.785,3.172,17.806,14.866
fesenky01,Kyrylo Fesenko,2008,2012,215.9,288,24-Dec-86,Ukraine,0,0,0,0,0,0,0,0,0,0,0,0,0,0,0,0,Ukraine,Kyrylo Fesenko,5,C,145,16,8.883,0.952,1.945,48.94601542,0,0.014,0,0.952,1.931,49.30088037,48.94601542,0.428,1.069,40.03741815,0.724,1.4,2.124,0.359,0.131,0.4,0.552,1.752,2.331,1.407
borrela01,Lazaro Borrell,2000,2000,203.2,220,20-Sep-72,Cuba,0,0,0,0,0,0,0,0,0,0,0,0,0,0,0,0,Cuba,Lazaro Borrell,1,SF,19,7,10.158,1.684,3.684,45.7111835,0,0.158,0,1.684,3.526,47.75950085,45.7111835,0.421,0.789,53.35868188,0.895,1.789,2.684,0.579,0.316,0.158,0.368,0.579,3.789,4.211
barbole01,Leandro Barbosa,2004,2017,190.5,194,28-Nov-82,Brazil,0,0,0,0,1,0,0,0,0,0,0,0,0,0,0,1,Brazil,Leandro Barbosa,14,SG,969,117,21.24,3.881,8.491,45.70721941,1.109,2.908,38.13617607,2.772,5.583,49.65072542,52.23766341,1.432,1.756,81.54897494,0.376,1.612,1.988,2.003,0.777,0.136,1.209,1.929,10.304,7.136
noguelu01,Lucas Nogueira,2015,2018,213.36,241,26-Jul-92,Brazil,0,0,0,0,0,0,0,0,0,0,0,0,0,0,0,0,Brazil,Lucas Nogueira,4,C,154,10,11.779,1.208,1.916,63.0480167,0.058,0.221,26.24434389,1.149,1.695,67.78761062,64.56158664,0.487,0.766,63.5770235,0.799,1.812,2.61,0.474,0.578,0.935,0.506,1.5,2.961,4.565
datomlu01,Luigi Datome,2014,2015,203.2,215,27-Nov-87,Italy,0,0,0,0,0,0,0,0,0,0,0,0,0,0,0,0,Italy,Luigi Datome,2,SF,58,1,7.948,1.362,3.31,41.14803625,0.431,1.397,30.85182534,0.931,1.914,48.6415883,47.65861027,0.155,0.19,81.57894737,0.293,1.017,1.31,0.362,0.138,0.138,0.345,0.672,3.31,2.259
scolalu01,Luis Scola,2008,2017,205.74,240,30-Apr-80,Argentina,0,0,0,0,0,0,0,0,0,0,0,0,0,0,0,0,Argentina,Luis Scola,10,PF,791,533,25.32,4.845,9.862,49.12796593,0.123,0.374,32.88770053,4.722,9.488,49.76812816,49.75157169,1.934,2.627,73.62009897,1.77,4.761,6.531,1.569,0.625,0.292,1.475,2.735,11.746,10.842
lampema01,Maciej Lampe,2004,2006,210.82,275,5-Feb-85,Poland,0,0,0,0,0,0,0,0,0,0,0,0,0,0,0,0,Poland,Maciej Lampe,3,C,64,0,9.875,1.469,3.609,40.70379607,0.031,0.125,24.8,1.438,3.484,41.27439724,41.13327792,0.391,0.578,67.64705882,0.578,1.641,2.219,0.344,0.125,0.156,0.547,1.266,3.359,2.062
ginobma01,Manu Ginobili,2003,2018,198.12,205,28-Jul-77,Argentina,0,0,0,0,1,0,0,0,0,2,2,2,0,0,0,5,Argentina,Manu Ginobili,16,SG,1275,402,25.831,4.345,9.781,44.42286065,1.427,3.89,36.68380463,2.918,5.891,49.53318622,51.71761579,3.293,3.992,82.48997996,0.659,2.926,3.585,3.787,1.321,0.298,2.037,2.196,13.409,12.031
gasolma01,Marc Gasol,2009,2019,215.9,255,29-Jan-85,Spain,0,0,0,0,0,1,0,1,1,0,2,3,1,0,1,7,Spain,Marc Gasol,11,C,854,840,33.851,5.604,11.662,48.05350712,0.388,1.107,35.04968383,5.217,10.555,49.42681194,49.71702967,3.549,4.552,77.96572935,1.713,6.062,7.775,3.447,0.919,1.477,2.041,2.946,15.145,16.717
huertma01,Marcelo Huertas,2016,2017,190.5,200,25-May-83,Brazil,0,0,0,0,0,0,0,0,0,0,0,0,0,0,0,0,Brazil,Marcelo Huertas,2,PG,76,1,14.553,1.605,3.921,40.93343535,0.263,1.053,24.97625831,1.342,2.868,46.79218968,44.28717164,0.474,0.605,78.34710744,0.263,1.237,1.5,3.079,0.474,0.118,1.303,1.211,3.947,4.158
gortama01,Marcin Gortat,2008,2019,210.82,240,17-Feb-84,Poland,0,0,0,0,0,0,0,0,0,0,0,0,0,0,0,0,Poland,Marcin Gortat,12,C,892,628,25.202,4.081,7.39,55.2232747,0.003,0.022,13.63636364,4.077,7.368,55.33387622,55.2435724,1.37,2.021,67.78822365,2.165,5.605,7.77,1.115,0.461,1.071,1.159,2.191,9.535,12.641
belinma01,Marco Belinelli,2008,2019,195.58,210,25-Mar-86,Italy,0,0,0,0,0,0,0,0,0,0,0,0,0,0,0,0,Italy,Marco Belinelli,12,SG,861,232,23.122,3.484,8.199,42.49298695,1.416,3.762,37.63955343,2.069,4.437,46.63060627,51.12818636,1.51,1.777,84.97467642,0.217,1.869,2.086,1.677,0.578,0.074,1.012,1.473,9.894,6.844
vincima01,Marcus Vinicius,2007,2008,203.2,225,31-May-84,Brazil,0,0,0,0,0,0,0,0,0,0,0,0,0,0,0,0,Brazil,Marcus Vinicius,2,SF,26,0,6.615,0.615,1.346,45.69093611,0.308,0.731,42.13406293,0.308,0.615,50.08130081,57.13224368,0.385,0.692,55.63583815,0.115,0.615,0.731,0.269,0.115,0.077,0.346,0.538,1.923,1.192
hezonma01,Mario Hezonja,2016,2019,203.2,225,25-Feb-95,Croatia,0,0,0,0,0,0,0,0,0,0,0,0,0,0,0,0,Croatia,Mario Hezonja,4,SF,277,65,18.903,2.751,6.603,41.66288051,0.874,2.726,32.06162876,1.877,3.877,48.41372195,48.28108436,0.946,1.166,81.13207547,0.422,2.617,3.04,1.318,0.747,0.256,1.188,1.596,7.321,5.827
kasunma01,Mario Kasun,2005,2006,215.9,260,5-Apr-80,Croatia,0,0,0,0,0,0,0,0,0,0,0,0,0,0,0,0,Croatia,Mario Kasun,2,C,73,0,7.795,1.068,2.288,46.67832168,0,0.014,0,1.068,2.274,46.96569921,46.67832168,0.575,0.904,63.60619469,1.041,1.534,2.575,0.151,0.137,0.219,0.562,2.123,2.712,1.562
bradtma01,Mark Bradtke,1997,1997,208.28,265,27-Sep-68,Australia,0,0,0,0,0,0,0,0,0,0,0,0,0,0,0,0,Australia,Mark Bradtke,1,C,36,0,6.972,0.694,1.611,43.07883302,0,0,,0.694,1.611,43.07883302,43.07883302,0.25,0.361,69.25207756,0.722,1.167,1.889,0.194,0.139,0.139,0.25,0.944,1.639,1.778
jaricma01,Marko Jaric,2003,2009,200.66,198,12-Oct-78,Serbia,0,0,0,0,0,0,0,0,0,0,0,0,0,0,0,0,Serbia,Marko Jaric,7,PG,447,221,25.159,2.662,6.586,40.41907076,0.647,1.879,34.43320915,2.016,4.707,42.82982792,45.33100516,1.172,1.606,72.97633873,0.613,2.072,2.685,3.579,1.304,0.286,1.584,2.163,7.143,6.893
milicma01,Marko Milic,1998,1999,198.12,235,7-May-77,Slovenia,0,0,0,0,0,0,0,0,0,0,0,0,0,0,0,0,Slovenia,Marko Milic,2,SF,46,0,4.783,1.065,1.891,56.31940772,0.065,0.152,42.76315789,1,1.739,57.50431282,58.03807509,0.239,0.37,64.59459459,0.283,0.391,0.674,0.304,0.304,0.022,0.587,0.543,2.435,1.652
muursma01,Martin Muursepp,1997,1998,205.74,235,26-Sep-74,Estonia,0,0,0,0,0,0,0,0,0,0,0,0,0,0,0,0,Estonia,Martin Muursepp,2,PF,83,7,11.458,1.651,3.88,42.55154639,0.241,0.747,32.26238286,1.41,3.133,45.00478774,45.65721649,1.145,1.651,69.35190793,0.976,1.205,2.181,0.602,0.494,0.301,0.566,1.855,4.687,3.108
andrima01,Martynas Andriuskevicius,2006,2006,218.44,240,12-Mar-86,Lithuania,0,0,0,0,0,0,0,0,0,0,0,0,0,0,0,0,Lithuania,Martynas Andriuskevicius,1,C,6,0,1.5,0,0.167,0,0,0,,0,0.167,0,0,0,0,,0.167,0.5,0.667,0,0.333,0,0,0.167,0,0.667
klebima01,Maxi Kleber,2018,2019,210.82,240,29-Jan-92,Germany,0,0,0,0,0,0,0,0,0,0,0,0,0,0,0,0,Germany,Maxi Kleber,2,PF,143,54,18.937,2.28,4.86,46.91358025,0.818,2.42,33.80165289,1.462,2.441,59.89348628,55.32921811,0.713,0.93,76.66666667,1.126,2.811,3.937,0.846,0.434,0.874,0.587,1.797,6.091,7
okurme01,Mehmet Okur,2003,2012,210.82,249,26-May-79,Turkey,0,0,0,0,0,0,0,0,0,0,0,1,0,0,0,1,Turkey,Mehmet Okur,10,C,705,492,28.518,4.589,10.091,45.47616688,0.923,2.471,37.35329826,3.665,7.62,48.09711286,50.0495491,2.86,3.611,79.202437,1.95,4.932,6.882,1.655,0.536,0.708,1.512,2.811,12.96,12.165
bateeme01,Mengke Bateer,2002,2004,210.82,290,20-Nov-75,China,0,0,0,0,0,0,0,0,0,0,0,0,0,0,0,0,China,Mengke Bateer,3,C,46,10,10.739,1.326,3.391,39.10350929,0.109,0.326,33.43558282,1.217,3.065,39.70636215,40.71070481,0.63,0.848,74.29245283,0.848,1.63,2.478,0.587,0.239,0.109,0.87,2.565,3.391,1.087
gelabmi01,Mickael Gelabale,2007,2013,200.66,215,22-May-83,France,0,0,0,0,0,0,0,0,0,0,0,0,0,0,0,0,France,Mickael Gelabale,3,SF,145,27,16.193,1.814,3.862,46.97048162,0.297,0.938,31.66311301,1.517,2.924,51.88098495,50.81563956,0.697,0.855,81.52046784,0.738,1.538,2.276,0.793,0.345,0.241,0.634,1.283,4.621,4.152
pietrmi01,Mickael Pietrus,2004,2013,198.12,215,7-Feb-82,France,0,0,0,0,0,0,0,0,0,0,0,0,0,0,0,0,France,Mickael Pietrus,10,SF,626,173,21.489,2.851,6.704,42.52684964,1.219,3.431,35.52900029,1.633,3.273,49.89306447,51.61843675,1.28,1.917,66.77099635,0.776,2.24,3.016,0.762,0.666,0.42,0.99,2.326,8.201,5.259
ilicmi01,Mile Ilic,2007,2007,215.9,230,2-Jun-84,Serbia,0,0,0,0,0,0,0,0,0,0,0,0,0,0,0,0,Serbia,Mile Ilic,1,C,5,0,1.2,0,0.6,0,0,0,,0,0.6,0,0,0,0,,0,0.2,0.2,0,0,0,0.6,0.2,0,-1.2
teodomi01,Milos Teodosic,2018,2019,195.58,196,19-Mar-87,Serbia,0,0,0,0,0,0,0,0,0,0,0,0,0,0,0,0,Serbia,Milos Teodosic,2,PG,60,36,21.4,2.8,6.667,41.9979001,1.633,4.317,37.82719481,1.167,2.35,49.65957447,54.24478776,0.717,0.883,81.200453,0.317,2.05,2.367,4.017,0.433,0.1,1.967,2.167,7.95,6.7
kuzmimi01,Mindaugas Kuzminskas,2017,2018,205.74,215,19-Oct-89,Lithuania,0,0,0,0,0,0,0,0,0,0,0,0,0,0,0,0,Lithuania,Mindaugas Kuzminskas,2,SF,69,5,14.754,2.29,5.377,42.58880417,0.783,2.435,32.15605749,1.507,2.942,51.22365738,49.86981588,0.797,0.986,80.831643,0.681,1.145,1.826,1,0.42,0.159,0.739,1.145,6.159,4.406
radulmi01,Miroslav Raduljica,2014,2015,213.36,250,5-Jan-88,Serbia,0,0,0,0,0,0,0,0,0,0,0,0,0,0,0,0,Serbia,Miroslav Raduljica,2,C,53,2,9.208,1.34,2.528,53.00632911,0,0,,1.34,2.528,53.00632911,53.00632911,0.887,1.075,82.51162791,1.057,1.075,2.132,0.434,0.151,0.245,0.566,1.736,3.566,2.849
turkcmi01,Mirsad Turkcan,2000,2000,205.74,236,7-Jun-76,Turkey,0,0,0,0,0,0,0,0,0,0,0,0,0,0,0,0,Turkey,Mirsad Turkcan,1,PF,19,0,5.263,0.789,2.263,34.86522316,0,0.368,0,0.789,1.895,41.63588391,34.86522316,0.368,0.526,69.96197719,0.684,1.158,1.842,0.263,0.158,0.053,0.579,0.789,1.947,1.263
teletmi01,Mirza Teletovic,2013,2018,205.74,242,18-Sep-85,Bosnia and Herzegovina,0,0,0,0,0,0,0,0,0,0,0,0,0,0,0,0,Bosnia and Herzegovina,Mirza Teletovic,6,PF,343,14,17.577,2.81,6.933,40.53079475,1.636,4.443,36.82196714,1.175,2.49,47.18875502,52.32943892,0.726,0.965,75.23316062,0.595,2.58,3.175,0.805,0.324,0.245,0.764,1.662,7.983,5.743
creekmi01,Mitch Creek,2019,2019,195.58,216,27-Apr-92,Australia,0,0,0,0,0,0,0,0,0,0,0,0,0,0,0,0,Australia,Mitch Creek,1,SF,5,0,9.6,1.6,3.2,50,0,0.4,0,1.6,2.8,57.14285714,50,1,1.4,71.42857143,1.2,1.2,2.4,1.2,0.4,0,0.2,0.6,4.2,5.4
senesa01,Mouhamed Sene,2007,2009,210.82,230,12-May-86,Senegal,0,0,0,0,0,0,0,0,0,0,0,0,0,0,0,0,Senegal,Mouhamed Sene,3,C,47,3,5.532,0.745,1.745,42.69340974,0,0,,0.745,1.745,42.69340974,42.69340974,0.702,1.191,58.94206549,0.596,1,1.596,0.021,0.085,0.468,0.319,0.936,2.191,1.617
decolna01,Nando De Colo,2013,2014,195.58,200,23-Jun-87,France,0,0,0,0,0,0,0,0,0,0,0,0,0,0,0,0,France,Nando De Colo,2,SF,125,9,11.456,1.36,3.184,42.71356784,0.392,1.104,35.50724638,0.968,2.08,46.53846154,48.86934673,0.544,0.648,83.95061728,0.312,1.416,1.728,1.64,0.504,0.096,0.928,1.104,3.656,3.664
ebind01,Ndudi Ebi,2004,2005,205.74,200,18-Jun-84,Great Britain England,0,0,0,0,0,0,0,0,0,0,0,0,0,0,0,0,Great Britain England,Ndudi Ebi,2,SF,19,0,4.526,0.895,1.842,48.58849077,0,0.053,0,0.895,1.789,50.02794857,48.58849077,0.316,0.684,46.19883041,0.421,0.579,1,0.211,0.053,0.263,0.316,0.684,2.105,1.316
bjeline01,Nemanja Bjelica,2016,2019,208.28,234,9-May-88,Serbia,0,0,0,0,0,0,0,0,0,0,0,0,0,0,0,0,Serbia,Nemanja Bjelica,4,PF,274,92,19.967,2.639,5.734,46.02371817,1.047,2.734,38.29553767,1.591,3,53.03333333,55.15347053,0.715,0.949,75.34246575,1.051,3.281,4.332,1.453,0.631,0.412,0.88,2.38,7.04,7.281
nedovne01,Nemanja Nedovic,2014,2014,190.5,192,16-Jun-91,Serbia,0,0,0,0,0,0,0,0,0,0,0,0,0,0,0,0,Serbia,Nemanja Nedovic,1,SG,25,0,5.68,0.32,1.56,20.51282051,0.12,0.72,16.66666667,0.2,0.84,23.80952381,24.35897436,0.28,0.32,87.5,0.12,0.48,0.6,0.52,0,0.04,0.52,0.56,1.04,-0.16
krstine01,Nenad Krstic,2005,2011,213.36,240,25-Jul-83,Serbia,0,0,0,0,0,0,0,0,0,0,0,0,0,0,0,0,Serbia,Nenad Krstic,7,C,447,394,25.172,4.107,8.311,49.41643605,0.004,0.031,12.90322581,4.103,8.28,49.5531401,49.44050054,1.848,2.521,73.30424435,1.85,3.548,5.398,0.821,0.383,0.685,1.192,2.998,10.067,8.286
batumni01,Nicolas Batum,2009,2019,203.2,200,14-Dec-88,France,0,0,0,0,0,0,0,0,0,0,0,0,0,0,0,0,France,Nicolas Batum,11,SF,806,740,31.505,4.176,9.6,43.5,1.602,4.49,35.67928731,2.574,5.11,50.37181996,51.84375,1.762,2.099,83.94473559,1.035,4.194,5.228,3.727,0.937,0.627,1.847,1.773,11.716,12.852
brussni01,Nicolas Brussino,2017,2018,200.66,195,2-Mar-93,Argentina,0,0,0,0,0,0,0,0,0,0,0,0,0,0,0,0,Argentina,Nicolas Brussino,2,SF,58,2,9.155,0.897,2.466,36.37469586,0.5,1.672,29.90430622,0.397,0.793,50.0630517,46.51257097,0.293,0.379,77.30870712,0.448,1.241,1.69,0.81,0.293,0.138,0.448,0.741,2.586,2.672
laproni01,Nicolas Laprovittola,2017,2017,193.04,180,31-Jan-90,Argentina,0,0,0,0,0,0,0,0,0,0,0,0,0,0,0,0,Argentina,Nicolas Laprovittola,1,PG,18,3,9.667,1.111,2.611,42.55074684,0.556,1.5,37.06666667,0.556,1.111,50.0450045,53.19800843,0.5,0.5,100,0.056,0.5,0.556,1.556,0.222,0.056,1.056,1.056,3.278,2.056
jokicni01,Nikola Jokic,2016,2019,213.36,250,19-Feb-95,Serbia,0,0,0,0,0,0,0,1,0,0,1,1,0,0,0,2,Serbia,Nikola Jokic,4,C,308,267,28.305,6.237,11.916,52.34138973,0.867,2.51,34.54183267,5.37,9.406,57.09121837,55.97935549,2.912,3.516,82.82138794,2.649,6.916,9.565,5.149,1.097,0.718,2.38,2.799,16.253,21.321
mirotni01,Nikola Mirotic,2015,2019,208.28,250,11-Feb-91,Spain,0,0,0,0,0,0,0,0,0,0,0,0,0,0,0,0,Spain,Nikola Mirotic,5,PF,345,110,24.243,4.026,9.571,42.06457006,1.893,5.299,35.72372146,2.133,4.272,49.92977528,51.95381883,2.113,2.617,80.74130684,0.93,4.983,5.913,1.275,0.754,0.722,1.168,2.11,12.058,11.394
pekovni01,Nikola Pekovic,2011,2016,210.82,307,3-Jan-86,Montenegro,0,0,0,0,0,0,0,0,0,0,0,0,0,0,0,0,Montenegro,Nikola Pekovic,6,C,271,194,24.886,4.849,9.362,51.79448836,0,0,,4.849,9.362,51.79448836,51.79448836,2.867,3.775,75.94701987,2.963,3.705,6.668,0.734,0.517,0.557,1.528,2.332,12.565,11.76
tskitni01,Nikoloz Tskitishvili,2003,2006,213.36,225,14-Apr-83,Georgia,0,0,0,0,0,0,0,0,0,0,0,0,0,0,0,0,Georgia,Nikoloz Tskitishvili,4,PF,176,16,11.102,1.08,3.574,30.21824287,0.244,1.045,23.3492823,0.835,2.528,33.03006329,33.63178511,0.483,0.665,72.63157895,0.619,1.131,1.75,0.659,0.261,0.284,0.722,1.295,2.886,1.148
kuzmiog01,Ognjen Kuzmic,2014,2015,215.9,251,16-May-90,Serbia,0,0,0,0,0,0,0,0,0,0,0,0,0,0,0,0,Serbia,Ognjen Kuzmic,2,C,40,0,4.3,0.325,0.625,52,0,0,,0.325,0.625,52,52,0.225,0.375,60,0.45,0.6,1.05,0.2,0.125,0.125,0.375,0.8,0.875,0.75
pecheol01,Oleksiy Pecherov,2008,2010,213.36,232,8-Dec-85,Ukraine,0,0,0,0,0,0,0,0,0,0,0,0,0,0,0,0,Ukraine,Oleksiy Pecherov,3,C,114,5,9.228,1.404,3.64,38.57142857,0.395,1.36,29.04411765,1.009,2.281,44.23498466,43.99725275,0.658,0.825,79.75757576,0.772,1.57,2.342,0.175,0.193,0.202,0.518,1.044,3.86,2.807
oyedeol01,Olumide Oyedeji,2001,2003,208.28,240,11-May-81,Nigeria,0,0,0,0,0,0,0,0,0,0,0,0,0,0,0,0,Nigeria,Olumide Oyedeji,3,C,96,5,6.292,0.562,1.104,50.9057971,0,0,,0.562,1.104,50.9057971,50.9057971,0.292,0.479,60.96033403,0.677,1.427,2.104,0.125,0.167,0.156,0.323,1.125,1.417,1.792
casspom01,Omri Casspi,2010,2019,205.74,225,22-Jun-88,Israel,0,0,0,0,0,0,0,0,0,0,0,0,0,0,0,0,Israel,Omri Casspi,10,SF,588,145,20.338,2.922,6.43,45.44323484,0.838,2.277,36.80281072,2.083,4.153,50.15651336,51.95956454,1.213,1.789,67.80324203,0.804,3.201,4.005,1.126,0.616,0.228,1.012,1.56,7.895,7.213
torreos01,Oscar Torres,2002,2003,198.12,210,18-Dec-76,Venezuela,0,0,0,0,0,0,0,0,0,0,0,0,0,0,0,0,Venezuela,Oscar Torres,2,SG,82,13,14.439,1.841,4.598,40.03914746,0.537,1.695,31.68141593,1.305,2.902,44.96898691,45.87864289,1.171,1.524,76.83727034,0.61,1.024,1.634,0.524,0.354,0.134,0.695,0.89,5.39,3.341
prigipa01,Pablo Prigioni,2013,2016,190.5,185,17-May-77,Argentina,0,0,0,0,0,0,0,0,0,0,0,0,0,0,0,0,Argentina,Pablo Prigioni,4,PG,303,61,16.881,1.221,2.941,41.51649099,0.752,2.007,37.46885899,0.469,0.934,50.21413276,54.30125808,0.264,0.31,85.16129032,0.512,1.284,1.795,2.792,0.98,0.023,0.917,1.644,3.459,4.723
sypa01,Pape Sy,2011,2011,200.66,225,5-Apr-88,France,0,0,0,0,0,0,0,0,0,0,0,0,0,0,0,0,France,Pape Sy,1,SF,7,0,4.571,0.571,1.286,44.40124417,0,0.143,0,0.571,1.143,49.95625547,44.40124417,0.714,1,71.4,0.429,0.143,0.571,0.714,0.286,0,0.571,0.286,1.857,1.571
gasolpa01,Pau Gasol,2002,2019,213.36,250,6-Jul-80,Spain,0,0,0,0,0,0,1,0,2,2,4,6,0,0,0,11,Spain,Pau Gasol,18,C,1362,1272,33.646,6.455,12.723,50.73488957,0.14,0.384,36.45833333,6.316,12.339,51.18729233,51.28507427,3.831,5.093,75.22089142,2.539,6.676,9.215,3.203,0.497,1.596,2.12,2.194,16.881,19.549
zipsepa01,Paul Zipser,2017,2018,203.2,215,18-Feb-94,Germany,0,0,0,0,0,0,0,0,0,0,0,0,0,0,0,0,Germany,Paul Zipser,2,SF,104,30,17.337,1.769,4.692,37.70247229,0.731,2.163,33.79565418,1.038,2.529,41.04389087,45.49232737,0.558,0.702,79.48717949,0.298,2.365,2.663,0.817,0.346,0.308,0.865,1.692,4.827,3.337
podkopa01,Pavel Podkolzin,2005,2006,226.06,260,15-Jan-85,Russia,0,0,0,0,0,0,0,0,0,0,0,0,0,0,0,0,Russia,Pavel Podkolzin,2,C,6,0,4.667,0,0.333,0,0,0,,0,0.333,0,0,0.667,1.333,50.03750938,0,1.5,1.5,0,0,0.167,0.667,0.667,0.667,0
stojape01,Peja Stojakovic,1999,2011,205.74,220,9-Jun-77,Serbia,0,0,0,0,0,0,0,0,1,0,1,3,0,0,0,4,Serbia,Peja Stojakovic,13,SF,899,728,33.451,5.892,13.18,44.70409712,2.138,5.365,39.85088537,3.754,7.815,48.03582853,52.81487102,2.779,3.103,89.55849178,0.94,3.782,4.722,1.669,0.915,0.137,1.324,1.765,16.701,13.442
anticpe01,Pero Antic,2014,2015,210.82,260,29-Jul-82,North Macedonia,0,0,0,0,0,0,0,0,0,0,0,0,0,0,0,0,North Macedonia,Pero Antic,2,C,135,37,17.267,1.881,5.052,37.2327791,0.904,2.97,30.43771044,0.978,2.081,46.99663623,46.1797308,1.207,1.644,73.41849148,0.993,2.474,3.467,0.859,0.326,0.237,0.867,2.385,5.874,3.904
ramospe01,Peter John Ramos,2005,2005,220.98,275,13-May-85,Puerto Rico,0,0,0,0,0,0,0,0,0,0,0,0,0,0,0,0,Puerto Rico,Peter John Ramos,1,C,6,0,3.333,0.833,1.667,49.970006,0,0,,0.833,1.667,49.970006,49.970006,0.167,0.333,50.15015015,0.167,0.5,0.667,0,0,0.167,0.5,0.667,1.833,0.5
drobnpr01,Predrag Drobnjak,2002,2005,210.82,270,27-Oct-75,Montenegro,0,0,0,0,0,0,0,0,0,0,0,0,0,0,0,0,Montenegro,Predrag Drobnjak,4,C,281,97,19.858,3.228,7.605,42.44575937,0.235,0.69,34.05797101,2.993,6.915,43.28271873,43.99079553,1.128,1.416,79.66101695,1.125,2.367,3.491,0.808,0.473,0.416,0.865,1.829,7.819,5.648
brezepr01,Primoz Brezec,2002,2010,218.44,252,2-Oct-79,Slovenia,0,0,0,0,0,0,0,0,0,0,0,0,0,0,0,0,Slovenia,Primoz Brezec,8,C,346,214,17.968,2.936,5.899,49.77114765,0.003,0.017,17.64705882,2.934,5.882,49.88099286,49.79657569,1.237,1.766,70.04530011,1.63,2.214,3.844,0.517,0.202,0.387,0.792,2.124,7.113,5.656
cvetkra01,Rastko Cvetkovic,1996,1996,215.9,260,22-Jun-70,Serbia,0,0,0,0,0,0,0,0,0,0,0,0,0,0,0,0,Serbia,Rastko Cvetkovic,1,C,14,0,3.429,0.357,1.143,31.2335958,0,0.071,0,0.357,1.071,33.33333333,31.2335958,0,0.286,0,0.286,0.5,0.786,0.214,0.143,0.071,0.214,0.786,0.714,-0.143
vardara01,Ratko Varda,2002,2002,215.9,260,6-May-79,Bosnia and Herzegovina,0,0,0,0,0,0,0,0,0,0,0,0,0,0,0,0,Bosnia and Herzegovina,Ratko Varda,1,C,1,0,6,2,3,66.66666667,0,0,,2,3,66.66666667,66.66666667,1,1,100,0,1,1,0,0,0,1,3,5,1
lopezra01,Raul Lopez,2004,2005,185.42,170,15-Apr-80,Spain,0,0,0,0,0,0,0,0,0,0,0,0,0,0,0,0,Spain,Raul Lopez,2,PG,113,26,18.894,2.478,5.77,42.94627383,0.398,1.15,34.60869565,2.08,4.619,45.03139208,46.39514731,1.133,1.327,85.38055765,0.274,1.442,1.717,3.788,0.743,0.044,1.956,2.46,6.487,4.876
netora01,Raul Neto,2016,2019,185.42,179,19-May-92,Brazil,0,0,0,0,0,0,0,0,0,0,0,0,0,0,0,0,Brazil,Raul Neto,4,PG,216,54,13.653,1.755,3.968,44.22883065,0.546,1.449,37.68115942,1.208,2.519,47.95553791,51.10887097,0.569,0.722,78.80886427,0.167,1.12,1.287,1.806,0.523,0.074,0.935,1.259,4.625,3.755
rubiori01,Ricky Rubio,2012,2019,193.04,190,21-Oct-90,Spain,0,0,0,0,0,0,0,0,0,0,0,0,0,0,0,0,Spain,Ricky Rubio,8,PG,504,483,30.855,3.583,9.254,38.71839205,0.839,2.609,32.15791491,2.744,6.645,41.29420617,43.25156689,3.123,3.728,83.77145923,0.665,3.573,4.238,7.657,1.919,0.137,2.74,2.617,11.129,13.446
kurucro01,Rodions Kurucs,2019,2019,205.74,210,5-Feb-98,Latvia,0,0,0,0,0,0,0,0,0,0,0,0,0,0,0,0,Latvia,Rodions Kurucs,1,SF,63,46,20.54,3.206,7.127,44.98386418,0.921,2.921,31.53029784,2.286,4.206,54.35092725,51.44520836,1.143,1.46,78.28767123,0.889,3.016,3.905,0.825,0.651,0.397,1.222,2.317,8.476,6.476
beaubro01,Rodrigue Beaubois,2010,2013,182.88,170,24-Feb-88,France,0,0,0,0,0,0,0,0,0,0,0,0,0,0,0,0,France,Rodrigue Beaubois,4,PG,188,54,15.633,2.718,6.191,43.90243902,0.697,2.149,32.43369009,2.021,4.043,49.98763295,49.5315781,0.819,1.021,80.21547502,0.261,1.574,1.835,2.021,0.66,0.277,1.106,1.691,6.952,5.271
ukicro01,Roko Ukic,2009,2010,195.58,183,12-May-84,Croatia,0,0,0,0,0,0,0,0,0,0,0,0,0,0,0,0,Croatia,Roko Ukic,2,PG,85,0,11.612,1.612,4.165,38.70348139,0.165,0.871,18.94374282,1.447,3.294,43.92835458,40.68427371,0.624,0.835,74.73053892,0.318,0.6,0.918,1.941,0.365,0.024,0.776,0.976,4.012,2.741
wolkoru01,Ruben Wolkowyski,2001,2003,208.28,270,30-Sep-73,Argentina,0,0,0,0,0,0,0,0,0,0,0,0,0,0,0,0,Argentina,Ruben Wolkowyski,2,PF,41,1,8.024,0.659,2.024,32.55928854,0,0.073,0,0.659,1.951,33.77754997,32.55928854,0.634,0.927,68.39266451,0.293,0.854,1.146,0.098,0.146,0.439,0.317,1,1.951,0.805
fernaru01,Rudy Fernandez,2009,2012,198.12,185,4-Apr-85,Spain,0,0,0,0,0,0,0,0,0,0,0,0,0,0,0,0,Spain,Rudy Fernandez,4,SG,267,14,23.697,2.888,7.24,39.88950276,1.629,4.491,36.27254509,1.258,2.749,45.76209531,51.13950276,1.423,1.7,83.70588235,0.502,1.921,2.423,2.146,0.974,0.165,1.131,1.479,8.828,7.296
goberru01,Rudy Gobert,2014,2019,215.9,245,26-Jun-92,France,0,0,0,0,0,1,0,0,1,1,2,0,3,3,0,6,France,Rudy Gobert,6,C,426,334,28.85,4.113,6.533,62.95729374,0,0.007,0,4.113,6.526,63.02482378,62.95729374,2.979,4.756,62.63666947,3.232,7.289,10.521,1.331,0.692,2.188,1.575,2.556,11.204,17.608
mejrisa01,Salah Mejri,2016,2019,218.44,235,15-Jun-86,Tunisia,0,0,0,0,0,0,0,0,0,0,0,0,0,0,0,0,Tunisia,Salah Mejri,4,C,208,23,12.048,1.38,2.279,60.55287407,0.058,0.197,29.44162437,1.322,2.082,63.49663785,61.825362,0.606,1.043,58.10162991,1.269,2.678,3.947,0.457,0.361,0.938,0.591,1.889,3.423,5.308
marcisa01,Sarunas Marciulionis,1990,1997,195.58,200,13-Jun-64,Lithuania,0,0,0,0,0,0,0,0,0,0,0,0,0,0,0,0,Lithuania,Sarunas Marciulionis,7,SG,380,30,22.534,4.332,8.603,50.35452749,0.347,0.961,36.1082206,3.984,7.642,52.13294949,52.37126584,3.789,4.916,77.07485761,0.808,1.45,2.258,2.284,1.271,0.087,1.955,2.661,12.8,8.687
pavloal01,Sasha Pavlovic,2004,2013,203.2,220,15-Nov-83,Serbia,0,0,0,0,0,0,0,0,0,0,0,0,0,0,0,0,Serbia,Sasha Pavlovic,10,SG,619,162,15.751,1.882,4.68,40.21367521,0.541,1.569,34.48056087,1.341,3.111,43.1051109,45.99358974,0.586,0.887,66.06538895,0.339,1.409,1.748,0.897,0.481,0.168,0.816,1.809,4.892,2.462
vujacsa01,Sasha Vujacic,2005,2017,200.66,195,8-Mar-84,Slovenia,0,0,0,0,0,0,0,0,0,0,0,0,0,0,0,0,Slovenia,Sasha Vujacic,10,SG,646,58,15.266,1.827,4.712,38.77334465,0.923,2.5,36.92,0.904,2.212,40.86799277,48.56748727,0.715,0.831,86.04091456,0.353,1.505,1.858,1.223,0.565,0.065,0.565,1.523,5.291,3.912
erdense01,Semih Erden,2011,2012,213.36,240,28-Jul-86,Turkey,0,0,0,0,0,0,0,0,0,0,0,0,0,0,0,0,Turkey,Semih Erden,2,C,69,17,13.449,1.464,2.681,54.60649012,0,0,,1.464,2.681,54.60649012,54.60649012,0.87,1.464,59.42622951,0.826,1.928,2.754,0.42,0.362,0.42,0.725,2.377,3.797,2.841
ibakase01,Serge Ibaka,2010,2019,208.28,235,18-Sep-89,Spain,0,0,0,0,0,0,0,0,0,0,0,0,3,3,0,3,Spain,Serge Ibaka,10,PF,862,721,28.947,5.063,9.881,51.23975306,0.608,1.686,36.06168446,4.455,8.195,54.36241611,54.31636474,1.447,1.896,76.3185654,2.148,5.061,7.21,0.716,0.429,2.179,1.254,2.862,12.18,13.331
bazarse01,Sergei Bazarevich,1995,1995,187.96,168,16-Mar-65,Russia,0,0,0,0,0,0,0,0,0,0,0,0,0,0,0,0,Russia,Sergei Bazarevich,1,PG,10,0,7.4,1.1,2.2,50,0.1,0.6,16.66666667,1,1.6,62.5,52.27272727,0.7,0.9,77.77777778,0.1,0.6,0.7,1.4,0.1,0.1,0.7,1,3,2.3
moniase01,Sergei Monia,2006,2006,203.2,220,15-Apr-83,Russia,0,0,0,0,0,0,0,0,0,0,0,0,0,0,0,0,Russia,Sergei Monia,1,SF,26,15,13.192,1.115,3.346,33.32337119,0.346,1.308,26.45259939,0.769,2.038,37.73307164,38.49372385,0.385,0.538,71.56133829,0.423,1.577,2,0.731,0.269,0.192,0.462,1.577,2.962,1.731
karasse01,Sergey Karasev,2014,2016,200.66,208,26-Oct-93,Russia,0,0,0,0,0,0,0,0,0,0,0,0,0,0,0,0,Russia,Sergey Karasev,3,SF,95,22,11.684,1.011,2.558,39.52306489,0.326,1.158,28.15198618,0.684,1.4,48.85714286,45.89523065,0.674,0.8,84.25,0.316,1.158,1.474,0.916,0.337,0.042,0.6,0.989,3.021,2.526
rodrise01,Sergio Rodriguez,2007,2017,190.5,176,12-Jun-86,Spain,0,0,0,0,0,0,0,0,0,0,0,0,0,0,0,0,Spain,Sergio Rodriguez,5,PG,358,52,14.827,1.894,4.628,40.92480553,0.564,1.676,33.65155131,1.33,2.953,45.03894345,47.01815039,0.539,0.729,73.93689986,0.341,1.134,1.475,3.324,0.592,0.039,1.377,1.246,4.891,4.774
healsh01,Shane Heal,1997,2004,182.88,180,6-Sep-70,Australia,0,0,0,0,0,0,0,0,0,0,0,0,0,0,0,0,Australia,Shane Heal,2,PG,51,0,6.098,0.686,2.412,28.44112769,0.51,1.667,30.59388122,0.176,0.745,23.62416107,39.013267,0.137,0.196,69.89795918,0.059,0.373,0.431,0.765,0.078,0.059,0.431,0.431,2.02,0.706
vranesl01,Slavko Vranes,2004,2004,226.06,275,30-Jan-83,Montenegro,0,0,0,0,0,0,0,0,0,0,0,0,0,0,0,0,Montenegro,Slavko Vranes,1,C,1,0,3,0,1,0,0,0,,0,1,0,0,0,0,,0,0,0,0,0,0,0,1,0,-2
samakso01,Soumaila Samake,2001,2003,213.36,230,18-Mar-78,Mali,0,0,0,0,0,0,0,0,0,0,0,0,0,0,0,0,Mali,Soumaila Samake,2,C,47,1,6.447,0.596,1.532,38.90339426,0,0,,0.596,1.532,38.90339426,38.90339426,0.255,0.553,46.11211573,0.681,0.936,1.617,0.106,0.043,0.404,0.128,0.766,1.447,1.489
medvest01,Stanislav Medvedenko,2001,2007,208.28,250,4-Apr-79,Ukraine,0,0,0,0,0,0,0,0,0,0,0,0,0,0,0,0,Ukraine,Stanislav Medvedenko,7,PF,300,59,12.237,2.137,4.727,45.20837741,0.007,0.043,16.27906977,2.13,4.683,45.48366432,45.28242014,0.763,1.027,74.29406037,1.21,1.52,2.73,0.49,0.31,0.157,0.56,1.967,5.043,3.35
ruscost01,Stefano Rusconi,1996,1996,205.74,240,2-Oct-68,Italy,0,0,0,0,0,0,0,0,0,0,0,0,0,0,0,0,Italy,Stefano Rusconi,1,PF,7,0,4.286,0.429,1.286,33.3592535,0,0,,0.429,1.286,33.3592535,33.3592535,0.286,0.714,40.05602241,0.429,0.429,0.857,0.429,0,0.286,0.429,1.429,1.143,-0.429
vrankst01,Stojko Vrankovic,1991,1999,218.44,260,22-Jan-64,Croatia,0,0,0,0,0,0,0,0,0,0,0,0,0,0,0,0,Croatia,Stojko Vrankovic,5,C,173,73,11.925,1.15,2.41,47.71784232,0,0,,1.15,2.41,47.71784232,47.71784232,0.457,0.769,59.42782835,0.902,2.098,3,0.347,0.127,1.035,0.769,1.85,2.757,3.075
yuesu01,Sun Yue,2009,2009,205.74,205,6-Nov-85,China,0,0,0,0,0,0,0,0,0,0,0,0,0,0,0,0,China,Sun Yue,1,SG,10,0,2.8,0.3,1.1,27.27272727,0,0.6,0,0.3,0.5,60,27.27272727,0,0,,0,0,0,0.2,0.1,0.1,0.3,1,0.6,-1.1
sefolth01,Thabo Sefolosha,2007,2019,200.66,220,2-May-84,Switzerland,0,0,0,0,0,0,0,0,0,0,0,0,1,0,1,1,Switzerland,Thabo Sefolosha,13,SG,920,544,22.163,2.212,4.955,44.64177598,0.597,1.729,34.52862927,1.615,3.226,50.06199628,50.66599395,0.765,1.04,73.55769231,0.721,2.998,3.718,1.384,1.083,0.418,0.87,1.655,5.786,6.846
antetth01,Thanasis Antetokounmpo,2016,2016,200.66,205,17-Jul-92,Greece,0,0,0,0,0,0,0,0,0,0,0,0,0,0,0,0,Greece,Thanasis Antetokounmpo,1,SF,2,0,3,1.5,2,75,0,0.5,0,1.5,1.5,100,75,0,0,,0,0.5,0.5,0,0,0,0,1,3,2
makerth01,Thon Maker,2017,2019,215.9,221,25-Feb-97,Australia,0,0,0,0,0,0,0,0,0,0,0,0,0,0,0,0,Australia,Thon Maker,3,C,207,59,14.58,1.667,3.981,41.87390103,0.56,1.744,32.11009174,1.106,2.237,49.44121591,48.90730972,0.807,1.179,68.44783715,0.821,1.995,2.816,0.633,0.367,0.734,0.512,1.865,4.7,4.188
splitti01,Tiago Splitter,2011,2017,210.82,245,1-Jan-85,Brazil,0,0,0,0,0,0,0,0,0,0,0,0,0,0,0,0,Brazil,Tiago Splitter,7,C,420,193,19.183,2.924,5.245,55.74833174,0.005,0.038,13.15789474,2.919,5.207,56.05915114,55.79599619,1.826,2.683,68.05814387,1.595,3.305,4.9,1.219,0.574,0.571,1.057,1.974,7.679,8.733
pleisti01,Tibor Pleiss,2016,2016,220.98,256,2-Nov-89,Germany,0,0,0,0,0,0,0,0,0,0,0,0,0,0,0,0,Germany,Tibor Pleiss,1,C,12,0,6.833,0.917,2.083,44.02304369,0,0.167,0,0.917,1.917,47.8351591,44.02304369,0.167,0.167,100,0.5,0.75,1.25,0.167,0.083,0.167,0.667,1.583,2,0.25
ohlbrti01,Tim Ohlbrecht,2013,2013,210.82,255,30-Aug-88,Germany,0,0,0,0,0,0,0,0,0,0,0,0,0,0,0,0,Germany,Tim Ohlbrecht,1,C,3,0,4,0.333,1,33.3,0,0,,0.333,1,33.3,33.3,0.333,0.333,100,0,0.333,0.333,0.333,0.333,0,1.333,0.333,1,-0.333
mozgoti01,Timofey Mozgov,2011,2018,215.9,275,16-Jul-86,Russia,0,0,0,0,0,0,0,0,0,0,0,0,0,0,0,0,Russia,Timofey Mozgov,8,C,494,298,17.986,2.676,5.038,53.116316,0.022,0.117,18.8034188,2.654,4.921,53.93212762,53.33465661,1.36,1.836,74.07407407,1.702,3.186,4.889,0.543,0.308,0.866,1.168,2.2,6.735,7.134
luwawti01,Timothe Luwawu-Cabarrot,2017,2019,198.12,210,9-May-95,France,0,0,0,0,0,0,0,0,0,0,0,0,0,0,0,0,France,Timothe Luwawu-Cabarrot,3,SF,171,33,15.591,1.912,4.947,38.64968668,0.813,2.544,31.95754717,1.099,2.404,45.71547421,46.86678795,1.064,1.298,81.97226502,0.292,1.567,1.86,0.906,0.368,0.135,0.772,1.895,5.702,3.035
kukocto01,Toni Kukoc,1994,2006,208.28,192,18-Sep-68,Croatia,0,0,0,0,1,0,0,0,0,0,0,0,0,0,0,1,Croatia,Toni Kukoc,13,SF,945,291,26.324,4.253,9.529,44.63217546,0.888,2.646,33.5600907,3.365,6.884,48.88146426,49.29163606,2.113,2.911,72.58673995,1.185,2.986,4.171,3.636,0.965,0.338,1.783,1.778,11.507,10.982
parketo01,Tony Parker,2002,2019,187.96,185,17-May-82,France,0,1,0,0,0,0,0,0,3,1,4,6,0,0,0,11,France,Tony Parker,18,PG,1480,1364,31.106,6.345,13.061,48.57974121,0.431,1.343,32.0923306,5.914,11.718,50.46936337,50.22969145,2.77,3.705,74.76383266,0.371,2.374,2.745,5.526,0.845,0.079,2.337,1.681,15.891,13.416
shengto01,Tornike Shengelia,2013,2014,205.74,217,5-Oct-91,Georgia,0,0,0,0,0,0,0,0,0,0,0,0,0,0,0,0,Georgia,Tornike Shengelia,2,SF,45,0,5.489,0.511,1.133,45.10150044,0.022,0.178,12.35955056,0.489,0.956,51.15062762,46.07237423,0.267,0.533,50.09380863,0.289,0.578,0.867,0.378,0.133,0.044,0.511,0.644,1.311,0.689
slokaur01,Uros Slokar,2007,2007,208.28,238,14-May-83,Slovenia,0,0,0,0,0,0,0,0,0,0,0,0,0,0,0,0,Slovenia,Uros Slokar,1,C,20,0,3.6,0.7,1.3,53.84615385,0.05,0.1,50,0.65,1.2,54.16666667,55.76923077,0.45,0.65,69.23076923,0.35,0.35,0.7,0.05,0.05,0.1,0.45,0.55,1.9,1
spanova01,Vassilis Spanoulis,2007,2007,193.04,195,7-Aug-82,Greece,0,0,0,0,0,0,0,0,0,0,0,0,0,0,0,0,Greece,Vassilis Spanoulis,1,SG,32,0,8.594,0.75,2.312,32.43944637,0.156,0.906,17.21854305,0.594,1.406,42.24751067,35.81314879,1.125,1.375,81.81818182,0.156,0.562,0.719,0.906,0.219,0.031,0.906,1.031,2.781,0.906
kravtvi01,Viacheslav Kravtsov,2013,2014,213.36,260,25-Aug-87,Ukraine,0,0,0,0,0,0,0,0,0,0,0,0,0,0,0,0,Ukraine,Viacheslav Kravtsov,2,C,45,0,6.289,0.911,1.356,67.18289086,0,0,,0.911,1.356,67.18289086,67.18289086,0.333,1,33.3,0.733,0.644,1.378,0.222,0.111,0.222,0.444,0.867,2.156,1.667
clavevi01,Victor Claver,2013,2015,205.74,224,30-Aug-88,Spain,0,0,0,0,0,0,0,0,0,0,0,0,0,0,0,0,Spain,Victor Claver,3,SF,82,16,13.159,1.22,3.061,39.85625613,0.415,1.415,29.32862191,0.805,1.646,48.90643985,46.63508657,0.293,0.549,53.36976321,0.524,1.707,2.232,0.683,0.366,0.195,0.72,1.256,3.146,2.549
khryavi01,Viktor Khryapa,2005,2008,205.74,210,3-Aug-82,Russia,0,0,0,0,0,0,0,0,0,0,0,0,0,0,0,0,Russia,Viktor Khryapa,4,SF,143,58,16.441,1.755,3.965,44.26229508,0.098,0.336,29.16666667,1.657,3.629,45.65996142,45.49810845,0.888,1.35,65.77777778,1.175,2.266,3.441,0.993,0.601,0.336,0.972,2.469,4.497,3.755
esposvi01,Vincenzo Esposito,1996,1996,190.5,198,1-Mar-69,Italy,0,0,0,0,0,0,0,0,0,0,0,0,0,0,0,0,Italy,Vincenzo Esposito,1,PG,30,0,9.4,1.2,3.333,36.00360036,0.433,1.867,23.19228709,0.767,1.467,52.28357192,42.49924992,1.033,1.3,79.46153846,0.133,0.4,0.533,0.767,0.233,0,1.3,0.9,3.867,0.8
favervi01,Vitor Faverani,2014,2014,210.82,260,5-May-88,Brazil,0,0,0,0,0,0,0,0,0,0,0,0,0,0,0,0,Brazil,Vitor Faverani,1,C,37,8,13.189,1.73,3.973,43.54392147,0.324,1.081,29.97224792,1.405,2.892,48.58229599,47.62144475,0.649,1,64.9,1.135,2.324,3.459,0.432,0.378,0.73,1.108,2,4.432,3.73
divacvl01,Vlade Divac,1990,2005,215.9,243,3-Feb-68,Serbia,0,0,0,0,0,0,0,0,0,0,0,1,0,0,0,1,Serbia,Vlade Divac,16,C,1255,1092,29.933,4.578,9.273,49.3691362,0.09,0.382,23.56020942,4.488,8.891,50.47801147,49.85441605,2.598,3.734,69.57686127,2.54,5.618,8.159,3.049,1.12,1.431,2.175,3.225,11.845,14.373
radmavl01,Vladimir Radmanovic,2002,2013,208.28,227,19-Nov-80,Serbia,0,0,0,0,0,0,0,0,0,0,0,0,0,0,0,0,Serbia,Vladimir Radmanovic,12,PF,784,238,21.876,2.903,6.974,41.62603958,1.319,3.477,37.93500144,1.584,3.497,45.29596797,51.08259249,0.812,1.073,75.67567568,0.884,2.878,3.761,1.342,0.719,0.349,1.12,2.126,7.938,6.532
stepavl01,Vladimir Stepania,1999,2004,213.36,236,8-May-76,Georgia,0,0,0,0,0,0,0,0,0,0,0,0,0,0,0,0,Georgia,Vladimir Stepania,6,C,270,19,13.8,1.685,3.967,42.47542223,0.007,0.056,12.5,1.678,3.911,42.90462797,42.56365011,0.763,1.422,53.65682138,1.644,2.726,4.37,0.348,0.407,0.533,0.789,1.785,4.141,4.285
herrmwa01,Walter Herrmann,2007,2009,205.74,225,26-Jun-79,Argentina,0,0,0,0,0,0,0,0,0,0,0,0,0,0,0,0,Argentina,Walter Herrmann,3,PF,160,12,12.425,1.975,4.331,45.60147772,0.731,1.9,38.47368421,1.244,2.431,51.17235705,54.04063727,0.519,0.669,77.57847534,0.5,1.506,2.006,0.425,0.2,0.075,0.381,0.938,5.2,4.081
zhizhwa01,Wang Zhizhi,2001,2005,213.36,255,8-Jul-77,China,0,0,0,0,0,0,0,0,0,0,0,0,0,0,0,0,China,Wang Zhizhi,5,C,153,1,8.693,1.458,3.497,41.69287961,0.484,1.242,38.96940419,0.974,2.255,43.19290466,48.61309694,0.745,1.02,73.03921569,0.399,1.176,1.575,0.288,0.17,0.242,0.458,1.098,4.144,2.549
hernawi01,Willy Hernangomez,2017,2019,210.82,240,27-May-94,Spain,0,0,0,0,0,0,0,0,0,0,0,0,0,0,0,0,Spain,Willy Hernangomez,3,C,178,26,14.781,2.753,5.191,53.03409748,0.135,0.371,36.38814016,2.618,4.82,54.3153527,54.33442497,1.404,2.017,69.6083292,1.955,3.64,5.596,1.062,0.421,0.404,1.084,1.753,7.045,8.64
mingya01,Yao Ming,2003,2011,228.6,310,12-Sep-80,China,0,0,0,0,0,0,0,0,2,3,5,8,0,0,0,13,China,Yao Ming,8,C,514,504,32.696,6.955,13.27,52.41145441,0.004,0.019,21.05263158,6.951,13.251,52.45641838,52.426526,5.156,6.191,83.28218382,2.547,6.704,9.251,1.553,0.385,1.872,2.71,3.309,19.07,18.761
korolya01,Yaroslav Korolev,2006,2007,205.74,203,7-May-87,Russia,0,0,0,0,0,0,0,0,0,0,0,0,0,0,0,0,Russia,Yaroslav Korolev,2,SF,34,0,4.941,0.382,1.353,28.23355506,0.088,0.353,24.92917847,0.294,1,29.4,31.48558758,0.294,0.471,62.42038217,0.176,0.294,0.471,0.382,0.176,0,0.206,0.324,1.147,0.5
jianlyi01,Yi Jianlian,2008,2012,213.36,240,27-Oct-87,China,0,0,0,0,0,0,0,0,0,0,0,0,0,0,0,0,China,Yi Jianlian,5,PF,273,163,22.136,2.982,7.381,40.40102967,0.275,0.828,33.21256039,2.707,6.553,41.30932397,42.26392088,1.637,2.103,77.84117927,1.388,3.524,4.912,0.703,0.502,0.674,1.106,2.264,7.875,6.432
tabakza01,Zan Tabak,1995,2001,213.36,245,15-Jun-70,Croatia,0,0,0,0,0,0,0,0,0,0,0,0,0,0,0,0,Croatia,Zan Tabak,6,C,267,72,13.839,2.034,4.041,50.33407572,0,0.011,0,2.034,4.03,50.47146402,50.33407572,0.622,1.165,53.39055794,1.247,2.135,3.382,0.622,0.247,0.491,1.019,2.225,4.689,3.637
cabarza01,Zarko Cabarkapa,2004,2006,210.82,235,21-May-81,Montenegro,0,0,0,0,0,0,0,0,0,0,0,0,0,0,0,0,Montenegro,Zarko Cabarkapa,3,PF,150,4,10.333,1.56,3.653,42.70462633,0.16,0.587,27.2572402,1.4,3.067,45.64721226,44.89460717,0.987,1.347,73.27394209,0.653,1.427,2.08,0.567,0.22,0.167,0.793,1.473,4.267,2.58
paspaza01,Zarko Paspalj,1990,1990,205.74,215,27-Mar-66,Serbia,0,0,0,0,0,0,0,0,0,0,0,0,0,0,0,0,Serbia,Zarko Paspalj,1,SF,28,1,6.464,0.964,2.821,34.17227933,0,0.036,0,0.964,2.786,34.60157933,34.17227933,0.643,0.786,81.80661578,0.536,0.536,1.071,0.357,0.107,0.25,0.75,1.321,2.571,0.286
pachuza01,Zaza Pachulia,2004,2019,210.82,270,10-Feb-84,Georgia,0,0,0,0,0,0,0,0,0,0,0,0,0,0,0,0,Georgia,Zaza Pachulia,16,C,1171,542,20.017,2.329,4.975,46.81407035,0,0.028,0,2.329,4.947,47.0790378,46.81407035,1.983,2.643,75.02837684,2.118,3.552,5.67,1.274,0.686,0.34,1.289,2.504,6.64,7.511
rebraze01,Zeljko Rebraca,2002,2006,213.36,257,9-Apr-72,Serbia,0,0,0,0,0,0,0,0,0,0,0,0,0,0,0,0,Serbia,Zeljko Rebraca,5,C,227,22,14.978,2.203,4.216,52.25332068,0,0,,2.203,4.216,52.25332068,52.25332068,1.392,1.762,79.00113507,0.894,2.22,3.115,0.388,0.256,0.714,0.925,2.383,5.797,4.577
qizh01,Zhou Qi,2018,2019,215.9,210,16-Jan-96,China,0,0,0,0,0,0,0,0,0,0,0,0,0,0,0,0,China,Zhou Qi,2,C,22,0,5.955,0.364,1.545,23.55987055,0.091,0.864,10.53240741,0.273,0.682,40.02932551,26.50485437,0.364,0.545,66.78899083,0.273,0.773,1.045,0.091,0.091,0.636,0.455,0.636,1.182,0.591
dragizo01,Zoran Dragic,2015,2015,195.58,200,22-Jun-89,Slovenia,0,0,0,0,0,0,0,0,0,0,0,0,0,0,0,0,Slovenia,Zoran Dragic,1,SG,16,1,4.688,0.688,1.875,36.69333333,0.188,0.875,21.48571429,0.5,1,50,41.70666667,0.188,0.312,60.25641026,0.312,0.188,0.5,0.312,0.125,0,0.312,0.375,1.75,0.688
planizo01,Zoran Planinic,2004,2006,200.66,195,12-Sep-82,Croatia,0,0,0,0,0,0,0,0,0,0,0,0,0,0,0,0,Croatia,Zoran Planinic,3,PG,160,10,10.05,1.231,3.056,40.28141361,0.231,0.806,28.66004963,1,2.25,44.44444444,44.06086387,0.819,1.225,66.85714286,0.294,0.956,1.25,1.056,0.369,0.044,0.769,1.5,3.512,1.731
ilgauzy01,Zydrunas Ilgauskas,1998,2011,220.98,238,5-Jun-75,Lithuania,0,0,0,0,0,0,0,0,0,0,0,2,0,0,0,2,Lithuania,Zydrunas Ilgauskas,13,C,923,796,27.181,4.912,10.323,47.58306694,0.036,0.122,29.50819672,4.876,10.2,47.80392157,47.75743485,2.915,3.746,77.81633743,2.859,4.45,7.309,1.114,0.484,1.53,1.75,3.263,12.776,11.958
